RangProvisoire;Numero;Nom;Prénom;InfosDiplôme;ExamenDuDossier;NotesRecruteur;Moyenne;MoyenneForcée;CumulDesCoefficients;DateDuDernierCalcul;NombreDeBonusMalusAppliqués;NombreErreursLorsduCalcul;MarqueursDossier
378;1088592;GPKPOSXRFO;Cumejwcqavgrt;Baccalauréat<br/>S-SVT-Mathématiques<br/>obtenu;non examiné;1;8,81;non forcée;3;07/04/2014 à 22:26;0;21;0
422;269103;LDCXKUTFYT;Xoxftmixvffcv;Baccalauréat<br/>S-SVT-Sciences de la vie et de la terre<br/>en préparation;non examiné;1;8,42;non forcée;3;07/04/2014 à 22:26;0;16;0
113;1176115;ZBVGNGEQAK;Vsubmpynikghy;Baccalauréat<br/>S-SI-Pas de spécialité (S.I)<br/>obtenu;non examiné;1;11,16;non forcée;3;07/04/2014 à 22:26;0;3;0
84;1009418;ESLQRTUMLX;Etcwwvnwnomch;Baccalauréat<br/>ES-Sciences économiques et sociales<br/>obtenu;non examiné;1;11,5;non forcée;3;07/04/2014 à 22:26;0;16;0
488;589022;DXWMRBDQFW;Rkzybpbglbijn;Baccalauréat<br/>S-SVT-Informatique et Sciences du numérique<br/>en préparation;non examiné;1;7,18;non forcée;3;07/04/2014 à 22:26;0;16;0
463;1014354;OXJCGDTSMG;Pyhzwhzrcgzmp;Baccalauréat<br/>ES-Economie approfondie<br/>obtenu;non examiné;1;7,82;non forcée;3;07/04/2014 à 22:26;0;0;0
445;660642;LUAEIRVYAG;Jwczeapnimlrk;Baccalauréat<br/>STI2D-Innovation Technologique et Eco conception<br/>en préparation;non examiné;1;8,17;non forcée;3;07/04/2014 à 22:26;0;21;0
;1109849;AAPTEFWNLK;Pevpebajtqvqy;DAEU<br/>-DAEU-Aen préparation;non examiné;1;;non forcée;0;07/04/2014 à 22:26;0;3;0
323;335422;GALNXZKFOR;Kwqxpojifolgq;Baccalauréat<br/>S-SVT-Physique-chimie<br/>en préparation;non examiné;1;9,19;non forcée;3;07/04/2014 à 22:26;0;14;0
388;319261;XXWDWJPYWE;Pretdofhnysmq;Baccalauréat<br/>S-SVT-Informatique et Sciences du numérique<br/>en préparation;non examiné;1;8,74;non forcée;3;07/04/2014 à 22:26;0;17;0
46;285063;GLUXHBHXYP;Bofjzbfbwqtrx;Baccalauréat<br/>STMG-Systèmes d'information et de gestion<br/>en préparation;non examiné;1;12,31;non forcée;3;07/04/2014 à 22:26;0;0;0
85;1146349;SFDRUFGABV;Jnuzkztrkqnaw;Baccalauréat<br/>STI2D-Energies et environnement<br/>obtenu;non examiné;1;11,46;non forcée;3;07/04/2014 à 22:26;0;4;0
417;1005843;OTOSOJIBML;Pqkbiiovoapbe;Baccalauréat<br/>P-Electrotechnique, énergie, équipements communicants<br/>obtenu;non examiné;1;8,46;non forcée;3;07/04/2014 à 22:26;0;7;0
361;1156112;NFYMWVVLYU;Hcxnembxpnciv;Baccalauréat<br/>ES-Sciences économiques et sociales<br/>obtenu;non examiné;1;8,95;non forcée;3;07/04/2014 à 22:26;0;10;0
300;646766;DPWQURPQCJ;Uuuwvxibwlryo;Baccalauréat<br/>S-SVT-Informatique et Sciences du numérique<br/>en préparation;non examiné;1;9,4;non forcée;3;07/04/2014 à 22:26;0;16;0
282;176343;XYDLGGIAIK;Jbggeqmlznvqg;Baccalauréat<br/>STI2D-Système informatique et numérique<br/>en préparation;non examiné;1;9,51;non forcée;3;07/04/2014 à 22:26;0;0;0
35;214389;OCHFLYNANS;Ntitqetehgdnm;Baccalauréat<br/>S-SI-Mathématiques<br/>en préparation;non examiné;1;12,51;non forcée;3;07/04/2014 à 22:26;0;7;0
;1192172;RUFELNBQHV;Jhikwgyrfxxom;Diplôme équivalent<br/>SCI<br/>obtenu;non examiné;1;;non forcée;0;07/04/2014 à 22:26;0;4;0
147;334993;UJCAXYFXRA;Gamdaymhwuxuh;Baccalauréat<br/>STI2D-Système informatique et numérique<br/>en préparation;non examiné;1;10,81;non forcée;3;07/04/2014 à 22:26;0;5;0
514;565771;TBWXTFBFHT;Mtarsqvrmejjo;Baccalauréat<br/>S-SVT-Informatique et Sciences du numérique<br/>en préparation;non examiné;1;6,38;non forcée;3;07/04/2014 à 22:26;0;16;0
120;187953;BYTGLSGEOD;Fxrxsimqtxxut;Baccalauréat<br/>P-Electrotechnique, énergie, équipements communicants<br/>en préparation;non examiné;1;11,09;non forcée;3;07/04/2014 à 22:26;0;0;0
71;1009746;QSSPTVOWWI;Ztgysfjsbkctj;Baccalauréat<br/>P-Comptabilité<br/>obtenu;non examiné;1;11,67;non forcée;3;07/04/2014 à 22:26;0;10;0
303;482750;HNRZSMSLSD;Fyohtdjqwjrdn;Baccalauréat<br/>S-SVT-Physique-chimie<br/>en préparation;non examiné;1;9,38;non forcée;3;07/04/2014 à 22:26;0;16;0
310;1007463;UFZBIELKNK;Lwkglwxikycfp;Baccalauréat<br/>S-SVT-Sciences de la vie et de la terre<br/>obtenu;non examiné;1;9,31;non forcée;3;07/04/2014 à 22:26;0;24;0
483;298568;DXTPILGBSO;Qmvatyocofbxz;Baccalauréat<br/>S-SVT-Informatique et Sciences du numérique<br/>en préparation;non examiné;1;7,31;non forcée;3;07/04/2014 à 22:26;0;43;0
466;1057128;CSEZJEOQKX;Gbymmfxwwyary;Baccalauréat<br/>STG-Gestion systèmes d'information<br/>obtenu;non examiné;1;7,74;non forcée;3;07/04/2014 à 22:26;0;0;0
311;579910;TXWIZHOCSC;Ssrhxhdzblikx;Baccalauréat<br/>STMG-Gestion et Finance<br/>en préparation;non examiné;1;9,3;non forcée;3;07/04/2014 à 22:26;0;3;0
296;630956;EFRMECKUMZ;Ytqreqkcbcqns;Baccalauréat<br/>S-SVT-Informatique et Sciences du numérique<br/>en préparation;non examiné;1;9,41;non forcée;3;07/04/2014 à 22:26;0;17;0
376;533804;CGDDFXEXVU;Ljtjrhhpfyrji;Baccalauréat<br/>S-SVT-Informatique et Sciences du numérique<br/>en préparation;non examiné;1;8,82;non forcée;3;07/04/2014 à 22:26;0;18;0
19;181577;VCLHSZLFKA;Jqrdruxkbgiwi;Baccalauréat<br/>P-Comptabilité<br/>en préparation;non examiné;1;13,22;non forcée;3;07/04/2014 à 22:26;0;0;0
82;548148;YIJQFBUDAL;Fwfwclggnsrkc;Baccalauréat<br/>STI2D-Système informatique et numérique<br/>en préparation;non examiné;1;11,52;non forcée;3;07/04/2014 à 22:26;0;1;0
308;1146557;FJTWHHZGWK;Ayqkyahbqcogv;Baccalauréat<br/>S-SVT-Sciences de la vie et de la terre<br/>obtenu;non examiné;1;9,34;non forcée;3;07/04/2014 à 22:26;0;14;0
461;579757;SXPFJKHQMN;Odagcaqcbbscl;Baccalauréat<br/>S-SVT-Informatique et Sciences du numérique<br/>en préparation;non examiné;1;7,84;non forcée;3;07/04/2014 à 22:26;0;20;0
8;308638;GFXFYCNDGO;Tvwgahomntkel;Baccalauréat<br/>P-Electrotechnique, énergie, équipements communicants<br/>en préparation;non examiné;1;13,79;non forcée;3;07/04/2014 à 22:26;0;1;0
243;470751;HPXYMLWYWX;Lzbfwtzkaacwg;Baccalauréat<br/>STI2D-Innovation Technologique et Eco conception<br/>en préparation;non examiné;1;9,85;non forcée;3;07/04/2014 à 22:26;0;0;0
385;629957;VGGMOVYPNL;Ttlfmmpkwsjcu;Baccalauréat<br/>S-SVT-Sciences de la vie et de la terre<br/>en préparation;non examiné;1;8,75;non forcée;3;07/04/2014 à 22:26;0;16;0
17;697592;HTFEZRXUUI;Jjalykaqxjcgr;Baccalauréat<br/>P-Electrotechnique, énergie, équipements communicants<br/>en préparation;non examiné;1;13,34;non forcée;3;07/04/2014 à 22:26;0;4;0
73;438457;PIDPNHYVNB;Lfnqmyvkppyhy;Baccalauréat<br/>STI2D-Système informatique et numérique<br/>en préparation;non examiné;1;11,64;non forcée;3;07/04/2014 à 22:26;0;3;0
96;741428;SHFDDKWVGR;Jijmbbaazekwk;Baccalauréat<br/>STMG-Systèmes d'information et de gestion<br/>en préparation;non examiné;1;11,29;non forcée;3;07/04/2014 à 22:26;0;0;0
176;781193;TKQYHPECSP;Rrfuttkeoxytp;Baccalauréat<br/>STI2D-Système informatique et numérique<br/>en préparation;non examiné;1;10,52;non forcée;3;07/04/2014 à 22:26;0;1;0
229;1019785;LBGTSYRYUV;Yfjbvwnzejmpv;Baccalauréat<br/>S-SVT-Mathématiques<br/>obtenu;non examiné;1;9,93;non forcée;3;07/04/2014 à 22:26;0;25;0
522;269303;FSCPWPHQPF;Tqlpnezbvdmue;Baccalauréat<br/>STMG-Ressources Humaines et Communication<br/>en préparation;non examiné;1;5,54;non forcée;3;07/04/2014 à 22:26;0;8;0
10;590546;JNOIPTAKKG;Tuoqkeyujryft;Baccalauréat<br/>STMG-Systèmes d'information et de gestion<br/>en préparation;non examiné;1;13,74;non forcée;3;07/04/2014 à 22:26;0;1;0
454;590509;DAVEQDDDTX;Oohraxfruibrg;Baccalauréat<br/>S-SVT-Mathématiques<br/>en préparation;non examiné;1;8,02;non forcée;3;07/04/2014 à 22:26;0;12;0
99;682305;WPMLQDRLYM;Xqmcrechrrusn;Baccalauréat<br/>S-SI-Informatique et Sciences du numérique<br/>en préparation;non examiné;1;11,28;non forcée;3;07/04/2014 à 22:26;0;0;0
55;192570;UUEOLTYMRD;Xlksvwamcsyfk;Baccalauréat<br/>P-Electrotechnique, énergie, équipements communicants<br/>en préparation;non examiné;1;11,96;non forcée;3;07/04/2014 à 22:26;0;10;0
508;269076;QBQIRQAJQW;Twbqkocjyrmcy;Baccalauréat<br/>STMG-Systèmes d'information et de gestion<br/>en préparation;non examiné;1;6,6;non forcée;3;07/04/2014 à 22:26;0;8;0
39;504558;IILLMGBOPN;Kfdnvsokkfinp;Baccalauréat<br/>STI2D-Système informatique et numérique<br/>en préparation;non examiné;1;12,45;non forcée;3;07/04/2014 à 22:26;0;0;0
441;139950;ACLABJNOBG;Yjrwnjuslzubh;Baccalauréat<br/>S-Ecologie agronomie et territoires<br/>en préparation;non examiné;1;8,24;non forcée;3;07/04/2014 à 22:26;0;19;0
385;478636;MEVMJSFFOU;Wwcxzekzlawey;Baccalauréat<br/>S-SVT-Sciences de la vie et de la terre<br/>en préparation;non examiné;1;8,75;non forcée;3;07/04/2014 à 22:26;0;21;0
238;308685;GCBHETMIST;Hslcqbwnatwvq;Baccalauréat<br/>P-Electrotechnique, énergie, équipements communicants<br/>en préparation;non examiné;1;9,87;non forcée;3;07/04/2014 à 22:26;0;0;0
247;528322;DLSNVBLWJG;Odmwsctxrgaaa;Baccalauréat<br/>S-SVT-Sciences de la vie et de la terre<br/>en préparation;non examiné;1;9,82;non forcée;3;07/04/2014 à 22:26;0;16;0
326;421435;RTHQRLGGRS;Ykyljpelhcosu;Baccalauréat<br/>S-SVT-Physique-chimie<br/>en préparation;non examiné;1;9,18;non forcée;3;07/04/2014 à 22:26;0;16;0
393;656066;CYCWLQDGTO;Lhhzvzprgnpxn;Baccalauréat<br/>STI2D-Système informatique et numérique<br/>en préparation;non examiné;1;8,71;non forcée;3;07/04/2014 à 22:26;0;1;0
58;527034;XVYLBGNYGO;Qjhqiapxhpqpx;Baccalauréat<br/>S-SI-Mathématiques<br/>en préparation;non examiné;1;11,89;non forcée;3;07/04/2014 à 22:26;0;2;0
271;643589;XTGZVNOTSU;Hzwgzwcdxixdd;Baccalauréat<br/>STMG-Systèmes d'information et de gestion<br/>en préparation;non examiné;1;9,67;non forcée;3;07/04/2014 à 22:26;0;2;0
480;268211;DVRQCUSTMW;Fwymwtjavrtma;Baccalauréat<br/>S-SVT-Sciences de la vie et de la terre<br/>en préparation;non examiné;1;7,39;non forcée;3;07/04/2014 à 22:26;0;16;0
37;452302;SYJKYTXPAT;Auutbhqqvuzvo;Baccalauréat<br/>S-SVT-Physique-chimie<br/>en préparation;non examiné;1;12,46;non forcée;3;07/04/2014 à 22:26;0;16;0
89;438432;EEJWZQYGRI;Kydgfryjfnwxx;Baccalauréat<br/>S-SI-Informatique et Sciences du numérique<br/>en préparation;non examiné;1;11,42;non forcée;3;07/04/2014 à 22:26;0;2;0
79;1116484;NORWREKZAO;Ygyceaucjqyoy;Baccalauréat<br/>S-SVT-Sciences de la vie et de la terre<br/>obtenu;non examiné;1;11,57;non forcée;3;07/04/2014 à 22:26;0;8;0
48;656167;OJTRECAKTT;Gagbnebrddeyr;Baccalauréat<br/>STI2D-Système informatique et numérique<br/>en préparation;non examiné;1;12,2;non forcée;3;07/04/2014 à 22:26;0;1;0
469;285150;KHUVHNHSSL;Zveewzndgxpfj;Baccalauréat<br/>S-SI-Pas de spécialité (S.I)<br/>en préparation;non examiné;1;7,72;non forcée;3;07/04/2014 à 22:26;0;2;0
320;1040664;YWLXDJJAHK;Blyjwzxjdirml;Baccalauréat<br/>S-SVT-Sciences de la vie et de la terre<br/>obtenu;non examiné;1;9,2;non forcée;3;07/04/2014 à 22:26;0;22;0
257;435673;KFOIZHAYUQ;Usvzthxryeggf;Baccalauréat<br/>P-Accueil - relation clients et usagers<br/>en préparation;non examiné;1;9,77;non forcée;3;07/04/2014 à 22:26;0;2;0
359;1056940;MULMIXPLUO;Mjhopalpqsfyz;Baccalauréat<br/>S-SVT-Sciences de la vie et de la terre<br/>obtenu;non examiné;1;9;non forcée;3;07/04/2014 à 22:26;0;24;0
385;785198;WGWZMJQDRX;Vhuyifpfzsatq;Baccalauréat<br/>P-Artisanat et métiers d'art - option communication visuelle pluri média<br/>en préparation;non examiné;1;8,75;non forcée;3;07/04/2014 à 22:26;0;20;0
259;721820;UOLYODTNCV;Fligujzfxnsmi;Baccalauréat<br/>S-SI-Physique-chimie<br/>en préparation;non examiné;1;9,76;non forcée;3;07/04/2014 à 22:26;0;8;0
352;321922;VFJDVPOFXA;Wxtgggzhctmzn;Baccalauréat<br/>S-SVT-Physique-chimie<br/>en préparation;non examiné;1;9,05;non forcée;3;07/04/2014 à 22:26;0;14;0
44;512889;UANZRFHICB;Rqmbmgkpnabfr;Baccalauréat<br/>STI2D-Energies et environnement<br/>en préparation;non examiné;1;12,33;non forcée;3;07/04/2014 à 22:26;0;3;0
300;821884;TEZTJYHZTK;Fynvxnjaqwtwy;Baccalauréat<br/>STI2D-Système informatique et numérique<br/>en préparation;non examiné;1;9,4;non forcée;3;07/04/2014 à 22:26;0;2;0
152;1189801;EFHPAGPYFK;Iuvdbbndnmyvr;Baccalauréat<br/>S-SI-Pas de spécialité (S.I)<br/>obtenu;non examiné;1;10,77;non forcée;3;07/04/2014 à 22:26;0;3;0
309;649851;RCEDXPCFWL;Drkuzcfofjayk;Baccalauréat<br/>ES-Mathématiques<br/>en préparation;non examiné;1;9,33;non forcée;3;07/04/2014 à 22:26;0;3;0
358;450880;ARDPXIBFTG;Frxifxbcszwxf;Baccalauréat<br/>STMG-Systèmes d'information et de gestion<br/>en préparation;non examiné;1;9,01;non forcée;3;07/04/2014 à 22:26;0;10;0
11;247677;IQBJPWSEFD;Xzezvvfncxuqn;Baccalauréat<br/>S-SVT-Physique-chimie<br/>en préparation;non examiné;1;13,69;non forcée;3;07/04/2014 à 22:26;0;16;0
4;740297;AAJMYJNVQE;Nubmxlepdsaro;Baccalauréat<br/>P-Systèmes électroniques numériques<br/>en préparation;non examiné;1;14,92;non forcée;3;07/04/2014 à 22:26;0;0;0
28;247652;VNZBLSBGVV;Gcuhseboekbct;Baccalauréat<br/>S-SVT-Mathématiques<br/>en préparation;non examiné;1;12,76;non forcée;3;07/04/2014 à 22:26;0;20;0
44;438343;UUYSKLNNUR;Vbeosawyidgux;Baccalauréat<br/>STI2D-Système informatique et numérique<br/>en préparation;non examiné;1;12,33;non forcée;3;07/04/2014 à 22:26;0;3;0
204;214433;RQTBREITPS;Idbttqnxkpqlg;Baccalauréat<br/>STMG-Systèmes d'information et de gestion<br/>en préparation;non examiné;1;10,14;non forcée;3;07/04/2014 à 22:26;0;0;0
115;1055148;MMWJBXVSTX;Jsocvftuwaxul;Baccalauréat<br/>STI2D-Système informatique et numérique<br/>obtenu;non examiné;1;11,15;non forcée;3;07/04/2014 à 22:26;0;7;0
346;170495;AIXLQQGPJT;Qmdglwuwitinw;Baccalauréat<br/>STMG-Mercatique<br/>en préparation;non examiné;1;9,09;non forcée;3;07/04/2014 à 22:26;0;0;0
339;1018833;DLFEYHBZVP;Pulvvptdkzhar;Baccalauréat<br/>S-SVT-Mathématiques<br/>obtenu;non examiné;1;9,12;non forcée;3;07/04/2014 à 22:26;0;35;0
233;1152347;WXFKRSGEAC;Jvayhmdesssxp;Baccalauréat<br/>ES-Mathématiques<br/>obtenu;non examiné;1;9,9;non forcée;3;07/04/2014 à 22:26;0;9;0
373;709608;KVNZPLFLHR;Xzmljlhiiucso;Baccalauréat<br/>S-SVT-Physique-chimie<br/>en préparation;non examiné;1;8,85;non forcée;3;07/04/2014 à 22:26;0;17;0
240;259590;SVFDHKGOFP;Wtmybwaskbaws;Baccalauréat<br/>STI2D-Energies et environnement<br/>en préparation;non examiné;1;9,86;non forcée;3;07/04/2014 à 22:26;0;2;0
369;1133190;FRXMHFUGRN;Wtdreystplzgk;Baccalauréat<br/>STG-Comptabilité et finance d'entreprise<br/>obtenu;non examiné;1;8,9;non forcée;3;07/04/2014 à 22:26;0;9;0
101;651666;QYMIEBBCQO;Zlxhmlefdcwvm;Baccalauréat<br/>S-SVT-Informatique et Sciences du numérique<br/>en préparation;non examiné;1;11,24;non forcée;3;07/04/2014 à 22:26;0;18;0
172;529160;VVAVSBHUJU;Vgaoluiorlmyk;Baccalauréat<br/>S-SVT-Mathématiques<br/>en préparation;non examiné;1;10,57;non forcée;3;07/04/2014 à 22:26;0;12;0
273;1053584;MZXYXEAOTW;Gkxdrcfkzbtts;Baccalauréat<br/>S-SVT-Sciences de la vie et de la terre<br/>obtenu;non examiné;1;9,66;non forcée;3;07/04/2014 à 22:26;0;24;0
165;1092931;LQPNBNBVBH;Xwanxtuzbfaex;Baccalauréat<br/>S-SVT-Informatique et Sciences du numérique<br/>obtenu;non examiné;1;10,62;non forcée;3;07/04/2014 à 22:26;0;24;0
20;308682;WMQDWMYMOK;Certlwqqcktfv;Baccalauréat<br/>P-Systèmes électroniques numériques<br/>en préparation;non examiné;1;13,2;non forcée;3;07/04/2014 à 22:26;0;2;0
380;319139;OYIXMCBYCZ;Xpcxryomjryme;Baccalauréat<br/>S-SVT-Mathématiques<br/>en préparation;non examiné;1;8,8;non forcée;3;07/04/2014 à 22:26;0;20;0
339;416254;LLHVPDNKLY;Fnqlsrgjzhtkl;Baccalauréat<br/>S-SVT-Sciences de la vie et de la terre<br/>en préparation;non examiné;1;9,12;non forcée;3;07/04/2014 à 22:26;0;19;0
331;778257;ZUYUCALTKP;Xpxngqoswupgz;Baccalauréat<br/>STI2D-Système informatique et numérique<br/>en préparation;non examiné;1;9,15;non forcée;3;07/04/2014 à 22:26;0;10;0
512;241376;OVKWHAMGJT;Nxjpodxtnzlgh;Baccalauréat<br/>ES-Sciences sociales et politiques<br/>en préparation;non examiné;1;6,47;non forcée;3;07/04/2014 à 22:26;0;2;0
279;285157;KYKDWLGLGP;Mgkatxmnerdol;Baccalauréat<br/>STI2D-Système informatique et numérique<br/>en préparation;non examiné;1;9,59;non forcée;3;07/04/2014 à 22:26;0;0;0
331;255240;HKXMNHKNKA;Ijlztycnqvebo;Baccalauréat<br/>S-SVT-Mathématiques<br/>en préparation;non examiné;1;9,15;non forcée;3;07/04/2014 à 22:26;0;15;0
229;709862;YZADUCAZEK;Gojingzsutrkb;Baccalauréat<br/>ES-Mathématiques<br/>en préparation;non examiné;1;9,93;non forcée;3;07/04/2014 à 22:26;0;0;0
440;526918;QJAJBYYCMQ;Xvqlfwnibiisk;Baccalauréat<br/>STI2D-Innovation Technologique et Eco conception<br/>en préparation;non examiné;1;8,25;non forcée;3;07/04/2014 à 22:26;0;0;0
296;532050;CMTBXHKWUL;Pcaspftjwslib;Baccalauréat<br/>P-Systèmes électroniques numériques<br/>en préparation;non examiné;1;9,41;non forcée;3;07/04/2014 à 22:26;0;1;0
162;1031685;BEXDNHQDDZ;Nnkccserdlbdm;Baccalauréat<br/>S-SVT-Mathématiques<br/>obtenu;non examiné;1;10,65;non forcée;3;07/04/2014 à 22:26;0;35;0
390;416235;NKNLSSOWPH;Uenvyqkjeftyi;Baccalauréat<br/>S-SVT-Informatique et Sciences du numérique<br/>en préparation;non examiné;1;8,72;non forcée;3;07/04/2014 à 22:26;0;26;0
;1165024;ISNQVYFRIV;Snbcgyawmnxpe;Diplôme équivalent<br/>SCI<br/>en préparation;non examiné;1;;non forcée;0;07/04/2014 à 22:26;0;3;0
51;1065366;YJDQMMGEAB;Uovmmdvazphuq;Baccalauréat<br/>P-Systèmes électroniques numériques<br/>obtenu;non examiné;1;12,09;non forcée;3;07/04/2014 à 22:26;0;1;0
64;1147196;GWVEKALBZR;Oomeusnuefpfj;Baccalauréat<br/>S-SVT-Mathématiques<br/>obtenu;non examiné;1;11,83;non forcée;3;07/04/2014 à 22:26;0;29;0
68;503370;MCYAZOSFKT;Jlyeakrekxnkx;Baccalauréat<br/>STI2D-Energies et environnement<br/>en préparation;non examiné;1;11,78;non forcée;3;07/04/2014 à 22:26;0;1;0
316;338730;PWQCDWSCOH;Sjhukwvywtwcx;Baccalauréat<br/>S-SVT-Physique-chimie<br/>en préparation;non examiné;1;9,23;non forcée;3;07/04/2014 à 22:26;0;17;0
142;494774;ISTRWMBTZM;Qdvhatkezyssa;Baccalauréat<br/>STI2D-Innovation Technologique et Eco conception<br/>en préparation;non examiné;1;10,89;non forcée;3;07/04/2014 à 22:26;0;0;0
167;268393;MMHMUTDMLZ;Sstjmzsvafqkx;Baccalauréat<br/>STMG-Systèmes d'information et de gestion<br/>en préparation;non examiné;1;10,61;non forcée;3;07/04/2014 à 22:26;0;0;0
419;528572;ONUALTWAWA;Dsggzdtiwztvh;Baccalauréat<br/>S-SVT-Sciences de la vie et de la terre<br/>en préparation;non examiné;1;8,43;non forcée;3;07/04/2014 à 22:26;0;16;0
227;504512;MFTHVJNEAG;Hdlwqwxufucmp;Baccalauréat<br/>STI2D-Système informatique et numérique<br/>en préparation;non examiné;1;9,95;non forcée;3;07/04/2014 à 22:26;0;4;0
505;579738;ABHBMNRNSU;Zgxblypexypfk;Baccalauréat<br/>STMG-Gestion et Finance<br/>en préparation;non examiné;1;6,65;non forcée;3;07/04/2014 à 22:26;0;11;0
475;450952;BHQUCRGMOV;Vkjwomxuquhlu;Baccalauréat<br/>STI2D-Système informatique et numérique<br/>en préparation;non examiné;1;7,53;non forcée;3;07/04/2014 à 22:26;0;14;0
353;361751;IFOOUMDZVO;Gvagdzujyxeuq;Baccalauréat<br/>S-SVT-Physique-chimie<br/>en préparation;non examiné;1;9,04;non forcée;3;07/04/2014 à 22:26;0;16;0
501;337395;YNXOBWRXKE;Ckjeqkvmqqktu;Baccalauréat<br/>S-SI-Pas de spécialité (S.I)<br/>en préparation;non examiné;1;6,78;non forcée;3;07/04/2014 à 22:26;0;4;0
382;241385;HPDWSNJMPQ;Nkqjjynqtynmp;Baccalauréat<br/>STMG-Systèmes d'information et de gestion<br/>en préparation;non examiné;1;8,78;non forcée;3;07/04/2014 à 22:26;0;5;0
426;713432;KTRIHSPEOE;Xrvqojyqashps;Baccalauréat<br/>S-SI-Informatique et Sciences du numérique<br/>en préparation;non examiné;1;8,39;non forcée;3;07/04/2014 à 22:26;0;2;0
85;1011122;DZZXQRXHXL;Pyixqutmemurl;Baccalauréat<br/>S-SVT-Sciences de la vie et de la terre<br/>obtenu;non examiné;1;11,46;non forcée;3;07/04/2014 à 22:26;0;21;0
96;690130;DXAUGFGUZT;Slxeqppmdjiwt;Baccalauréat<br/>ES-Mathématiques<br/>en préparation;non examiné;1;11,29;non forcée;3;07/04/2014 à 22:26;0;0;0
355;1045920;COOIRUQBCQ;Kkmylroiudohk;Baccalauréat<br/>STI-Génie électronique<br/>obtenu;non examiné;1;9,02;non forcée;3;07/04/2014 à 22:26;0;1;0
169;377208;ESBCTZMQFW;Mnhxuxakyzjmx;Baccalauréat<br/>STMG-Gestion et Finance<br/>en préparation;non examiné;1;10,58;non forcée;3;07/04/2014 à 22:26;0;0;0
527;607416;UFLGXOQHRV;Fernhwciqvyrp;Baccalauréat<br/>S-SVT-Mathématiques<br/>en préparation;non examiné;1;0;non forcée;3;07/04/2014 à 22:26;0;60;0
;1126875;BTHWHYIDFK;Vnhqijsnzkjpq;Diplôme équivalent<br/>SCI<br/>obtenu;non examiné;1;;non forcée;0;07/04/2014 à 22:26;0;4;0
134;750494;WIFBGBXEBP;Lnojrbftbxkxp;Baccalauréat<br/>S-SVT-Informatique et Sciences du numérique<br/>en préparation;non examiné;1;10,98;non forcée;3;07/04/2014 à 22:26;0;16;0
16;340489;VBZRIYJDGE;Kkjvfxaklsflh;Baccalauréat<br/>S-SVT-Informatique et Sciences du numérique<br/>en préparation;non examiné;1;13,35;non forcée;3;07/04/2014 à 22:26;0;16;0
154;833162;CHJUBRUFBE;Kgppcxitdkrkz;Baccalauréat<br/>ES-Mathématiques<br/>en préparation;non examiné;1;10,73;non forcée;3;07/04/2014 à 22:26;0;53;0
372;598363;PCWJZNKTNY;Utgzxiroixejo;Baccalauréat<br/>S-SI-Informatique et Sciences du numérique<br/>en préparation;non examiné;1;8,86;non forcée;3;07/04/2014 à 22:26;0;0;0
163;1134123;WFWYZBKCBR;Lqrtezigeiyeg;Baccalauréat<br/>STI2D-Système informatique et numérique<br/>obtenu;non examiné;1;10,64;non forcée;3;07/04/2014 à 22:26;0;1;0
;1147944;KFGAGFNRUM;Jmoycrojgyccr;Diplôme équivalent<br/>SCI<br/>obtenu;non examiné;1;;non forcée;0;07/04/2014 à 22:26;0;4;0
23;391758;GJJLCRNDCK;Leptcrfbhnabb;Baccalauréat<br/>STI2D-Système informatique et numérique<br/>en préparation;non examiné;1;13;non forcée;3;07/04/2014 à 22:26;0;2;0
42;405390;DRSSKAZKEM;Ekpyoctqdsoam;Baccalauréat<br/>S-SVT-Informatique et Sciences du numérique<br/>en préparation;non examiné;1;12,38;non forcée;3;07/04/2014 à 22:26;0;18;0
;1023775;IADOXBNEZD;Ofsnavfftghzn;Diplôme équivalent<br/>SCI<br/>obtenu;non examiné;1;;non forcée;0;07/04/2014 à 22:26;0;4;0
267;809112;UYMNUMMRFQ;Geplweumlwvbx;Baccalauréat<br/>STI2D-Innovation Technologique et Eco conception<br/>en préparation;non examiné;1;9,7;non forcée;3;07/04/2014 à 22:26;0;2;0
221;502732;WNQBVTZVEZ;Rycbdjesjlaah;Baccalauréat<br/>S-SVT-Sciences de la vie et de la terre<br/>en préparation;non examiné;1;10,02;non forcée;3;07/04/2014 à 22:26;0;16;0
225;287412;KJXAHDZASD;Haofjicqkqtcy;Baccalauréat<br/>S-SVT-Mathématiques<br/>en préparation;non examiné;1;10;non forcée;3;07/04/2014 à 22:26;0;14;0
101;731103;DNHLTCSNDF;Vetuuribibaui;Baccalauréat<br/>STI2D-Système informatique et numérique<br/>en préparation;non examiné;1;11,24;non forcée;3;07/04/2014 à 22:26;0;0;0
231;673311;JROOSUJBNM;Laxuripacuxxz;Baccalauréat<br/>P-Transport<br/>en préparation;non examiné;1;9,92;non forcée;3;07/04/2014 à 22:26;0;1;0
438;575968;QZHMYMSUOQ;Isgklfeoangqg;Baccalauréat<br/>S-SVT-Sciences de la vie et de la terre<br/>en préparation;non examiné;1;8,26;non forcée;3;07/04/2014 à 22:26;0;19;0
447;268416;MHTHPHKKVE;Sfjaxjtzuexaq;Baccalauréat<br/>S-SVT-Mathématiques<br/>en préparation;non examiné;1;8,1;non forcée;3;07/04/2014 à 22:26;0;13;0
200;1157526;ZYZNPKQJTK;Faiabkirgzhpo;Baccalauréat<br/>S-SVT-Sciences de la vie et de la terre<br/>obtenu;non examiné;1;10,2;non forcée;3;07/04/2014 à 22:26;0;22;0
348;247654;GXHTQKFGKR;Myadurvirzznd;Baccalauréat<br/>S-SVT-Sciences de la vie et de la terre<br/>en préparation;non examiné;1;9,08;non forcée;3;07/04/2014 à 22:26;0;16;0
37;278427;GOFGGRMNIW;Qvuzznlazswjm;Baccalauréat<br/>STMG-Mercatique<br/>en préparation;non examiné;1;12,46;non forcée;3;07/04/2014 à 22:26;0;0;0
69;778268;RZQESNDCFN;Abnzsbqpxmjic;Baccalauréat<br/>S-SI-Pas de spécialité (S.I)<br/>en préparation;non examiné;1;11,69;non forcée;3;07/04/2014 à 22:26;0;2;0
127;703872;XBHQGSAMNF;Bjoutyhzdrjbl;Baccalauréat<br/>STI2D-Energies et environnement<br/>en préparation;non examiné;1;11,02;non forcée;3;07/04/2014 à 22:26;0;7;0
31;1056005;SPLOGQPNXG;Kawyhouneaykz;Baccalauréat<br/>ES-Sciences économiques et sociales<br/>obtenu;non examiné;1;12,65;non forcée;3;07/04/2014 à 22:26;0;7;0
466;378991;JHPWDNNSSQ;Elihvhndirhwf;Baccalauréat<br/>S-SVT-Informatique et Sciences du numérique<br/>en préparation;non examiné;1;7,74;non forcée;3;07/04/2014 à 22:26;0;16;0
76;305476;VLAJBALFQO;Johepvivjjigo;Baccalauréat<br/>S-SI-Informatique et Sciences du numérique<br/>en préparation;non examiné;1;11,61;non forcée;3;07/04/2014 à 22:26;0;2;0
290;651808;NBAKMPNEJH;Yzkjbbbopwhjk;Baccalauréat<br/>STI2D-Système informatique et numérique<br/>en préparation;non examiné;1;9,47;non forcée;3;07/04/2014 à 22:26;0;4;0
460;143555;NJNQCOLSZC;Ufbgymtsktgzl;Baccalauréat<br/>STMG-Systèmes d'information et de gestion<br/>en préparation;non examiné;1;7,9;non forcée;3;07/04/2014 à 22:26;0;1;0
390;285158;ZIRRDNAHLC;Moupcglhuhxfc;Baccalauréat<br/>S-SVT-Physique-chimie<br/>en préparation;non examiné;1;8,72;non forcée;3;07/04/2014 à 22:26;0;16;0
101;731004;BAWZITJISQ;Uqcxyzkbpltzs;Baccalauréat<br/>STI2D-Système informatique et numérique<br/>en préparation;non examiné;1;11,24;non forcée;3;07/04/2014 à 22:26;0;1;0
435;470733;GKDZSFDITB;Ytjphnrqfmmvh;Baccalauréat<br/>STI2D-Energies et environnement<br/>en préparation;non examiné;1;8,3;non forcée;3;07/04/2014 à 22:26;0;0;0
407;404215;HVLXVVZVCM;Kvdgqnrhgcvic;Baccalauréat<br/>S-SVT-Physique-chimie<br/>en préparation;non examiné;1;8,54;non forcée;3;07/04/2014 à 22:26;0;21;0
141;156937;DBCMBXIQWX;Xiuojdytqsfit;Baccalauréat<br/>ES-Mathématiques<br/>en préparation;non examiné;1;10,9;non forcée;3;07/04/2014 à 22:26;0;0;0
382;302219;VUWULAMECU;Zocijllzadnll;Baccalauréat<br/>S-SVT-Sciences de la vie et de la terre<br/>en préparation;non examiné;1;8,78;non forcée;3;07/04/2014 à 22:26;0;15;0
286;1101225;PJVVFFFQWF;Uoqcwezlysfcv;Baccalauréat<br/>STI2D-Système informatique et numérique<br/>obtenu;non examiné;1;9,49;non forcée;3;07/04/2014 à 22:26;0;4;0
464;691123;PUHZXJZBKH;Ckdydwainmhgn;Baccalauréat<br/>S-SVT-Physique-chimie<br/>en préparation;non examiné;1;7,79;non forcée;3;07/04/2014 à 22:26;0;16;0
405;781411;PSHTRFBRIM;Xegtcinoylqbd;Baccalauréat<br/>STI2D-Innovation Technologique et Eco conception<br/>en préparation;non examiné;1;8,62;non forcée;3;07/04/2014 à 22:26;0;0;0
176;554032;PCFRSLWGDM;Gbekgbrqzoadt;Baccalauréat<br/>S-SVT-Sciences de la vie et de la terre<br/>en préparation;non examiné;1;10,52;non forcée;3;07/04/2014 à 22:26;0;58;0
355;1199192;NOEUHNIJEN;Lpshotiqsiehe;Baccalauréat<br/>P-Systèmes électroniques numériques<br/>obtenu;non examiné;1;9,02;non forcée;3;07/04/2014 à 22:26;0;0;0
113;1071105;HTACFFSGSO;Ctmpejftshqcf;Baccalauréat<br/>P-Systèmes électroniques numériques<br/>obtenu;non examiné;1;11,16;non forcée;3;07/04/2014 à 22:26;0;30;0
69;401733;BCLJXJIXZN;Apnvtspzydjvm;Baccalauréat<br/>STMG-Systèmes d'information et de gestion<br/>en préparation;non examiné;1;11,69;non forcée;3;07/04/2014 à 22:26;0;1;0
249;147176;UVWWFEEEII;Zhhgrjfdpjrqn;Baccalauréat<br/>S-SVT-Physique-chimie<br/>en préparation;non examiné;1;9,81;non forcée;3;07/04/2014 à 22:26;0;17;0
458;1091629;WYEOJDBCWH;Mghyggnrxpedf;Baccalauréat<br/>STG-Gestion systèmes d'information<br/>obtenu;non examiné;1;7,96;non forcée;3;07/04/2014 à 22:26;0;8;0
;1080674;KNQHSCNFXW;Jzjgnqnmeewuo;Diplôme équivalent<br/>SCI<br/>obtenu;non examiné;1;;non forcée;0;07/04/2014 à 22:26;0;4;0
520;319133;SWKYQQHIQI;Yihgsfjvwajwk;Baccalauréat<br/>STMG-Systèmes d'information et de gestion<br/>en préparation;non examiné;1;5,97;non forcée;3;07/04/2014 à 22:26;0;7;0
493;659459;OSVWMQCLXN;Xobruubyumufo;Baccalauréat<br/>S-SVT-Sciences de la vie et de la terre<br/>en préparation;non examiné;1;7,01;non forcée;3;07/04/2014 à 22:26;0;18;0
426;677942;XOTKZDNXMQ;Vnyslwnekfxxa;Baccalauréat<br/>S-SVT-Physique-chimie<br/>en préparation;non examiné;1;8,39;non forcée;3;07/04/2014 à 22:26;0;22;0
418;575963;PVGSTQLGYL;Ltbblzmyhvtgu;Baccalauréat<br/>STI2D-Système informatique et numérique<br/>en préparation;non examiné;1;8,45;non forcée;3;07/04/2014 à 22:26;0;5;0
481;214473;MKDGNLLOCT;Qtfzpmdvowrdh;Baccalauréat<br/>S-SVT-Sciences de la vie et de la terre<br/>en préparation;non examiné;1;7,38;non forcée;3;07/04/2014 à 22:26;0;17;0
365;450914;YDLNDPYPEK;Duzijxpviplvq;Baccalauréat<br/>STMG-Systèmes d'information et de gestion<br/>en préparation;non examiné;1;8,91;non forcée;3;07/04/2014 à 22:26;0;0;0
218;1161211;FAZERZHAZW;Ldvnuqdrtehwj;Baccalauréat<br/>STI2D-Système informatique et numérique<br/>obtenu;non examiné;1;10,04;non forcée;3;07/04/2014 à 22:26;0;8;0
373;1137363;TZILMUVNTB;Padlzqpipldzs;Baccalauréat<br/>ES-Sciences sociales et politiques<br/>obtenu;non examiné;1;8,85;non forcée;3;07/04/2014 à 22:26;0;1;0
449;565570;ZVOLFMGXXR;Avzgrjruexnxt;Baccalauréat<br/>S-SVT-Sciences de la vie et de la terre<br/>en préparation;non examiné;1;8,05;non forcée;3;07/04/2014 à 22:26;0;15;0
155;1044636;FXVSBEBIZY;Jspwxwjdaoior;Baccalauréat<br/>STG-Comptabilité et finance d'entreprise<br/>obtenu;non examiné;1;10,72;non forcée;3;07/04/2014 à 22:26;0;0;0
47;765250;KQAITHGCHS;Dqqlathppjskb;Baccalauréat<br/>STI2D-Architecture et construction<br/>en préparation;non examiné;1;12,26;non forcée;3;07/04/2014 à 22:26;0;2;0
490;299520;KDBYVKCBHV;Cfvthkzcsvrit;Baccalauréat<br/>STI2D-Energies et environnement<br/>en préparation;non examiné;1;7,17;non forcée;3;07/04/2014 à 22:26;0;2;0
415;643548;KIPWPBNOAX;Nnhiqyabqsaev;Baccalauréat<br/>STMG-Systèmes d'information et de gestion<br/>en préparation;non examiné;1;8,47;non forcée;3;07/04/2014 à 22:26;0;4;0
323;494045;TTGWNCIRUD;Eokbvbcppomdo;Baccalauréat<br/>ES-Mathématiques<br/>en préparation;non examiné;1;9,19;non forcée;3;07/04/2014 à 22:26;0;0;0
499;424572;PCBUAELNYM;Hbyipkjujplsn;Baccalauréat<br/>S-SVT-Physique-chimie<br/>en préparation;non examiné;1;6,8;non forcée;3;07/04/2014 à 22:26;0;16;0
233;533646;GMERQCZJTV;Ttfazerjjahak;Baccalauréat<br/>S-SI-Informatique et Sciences du numérique<br/>en préparation;non examiné;1;9,9;non forcée;3;07/04/2014 à 22:26;0;2;0
136;1093057;CRSEXQWAII;Cityahlzjwwts;Baccalauréat<br/>STI2D-Energies et environnement<br/>obtenu;non examiné;1;10,97;non forcée;3;07/04/2014 à 22:26;0;6;0
401;1064387;JPQITHIVWS;Jbcwpxpufaivi;Baccalauréat<br/>STI2D-Système informatique et numérique<br/>obtenu;non examiné;1;8,64;non forcée;3;07/04/2014 à 22:26;0;10;0
194;308659;YYOJWRIUBW;Kyfybwnbjezak;Baccalauréat<br/>P-Systèmes électroniques numériques<br/>en préparation;non examiné;1;10,3;non forcée;3;07/04/2014 à 22:26;0;1;0
472;731085;SDOBPLZWYQ;Oehctggkkscby;Baccalauréat<br/>S-SI-Informatique et Sciences du numérique<br/>en préparation;non examiné;1;7,61;non forcée;3;07/04/2014 à 22:26;0;3;0
519;533967;VTRDCXRAJX;Evcryhjmbydmu;Baccalauréat<br/>S-SVT-Informatique et Sciences du numérique<br/>en préparation;non examiné;1;6,08;non forcée;3;07/04/2014 à 22:26;0;18;0
437;821991;KBPCXWLDFE;Psdhhlxbcxilv;Baccalauréat<br/>STI2D-Système informatique et numérique<br/>en préparation;non examiné;1;8,28;non forcée;3;07/04/2014 à 22:26;0;3;0
;1046262;BCNCUFOMRL;Vmglnxcaahunl;Diplôme équivalent<br/>SCI<br/>en préparation;non examiné;1;;non forcée;0;07/04/2014 à 22:26;0;3;0
126;565612;TKPCVFSUZW;Pbkathpylcqoi;Baccalauréat<br/>S-SVT-Informatique et Sciences du numérique<br/>en préparation;non examiné;1;11,03;non forcée;3;07/04/2014 à 22:26;0;16;0
431;280678;YLMHZWKRSF;Dzbmwtbfmacmz;Baccalauréat<br/>ES-Mathématiques<br/>en préparation;non examiné;1;8,33;non forcée;3;07/04/2014 à 22:26;0;3;0
429;821943;DXSZXDMCRH;Pytshognieigz;Baccalauréat<br/>STI2D-Système informatique et numérique<br/>en préparation;non examiné;1;8,36;non forcée;3;07/04/2014 à 22:26;0;0;0
216;464438;OGSPHFQMTS;Nrlpgxwvaajhg;Baccalauréat<br/>STI2D-Système informatique et numérique<br/>en préparation;non examiné;1;10,05;non forcée;3;07/04/2014 à 22:26;0;2;0
58;1000520;KNAXFYTKOQ;Bxqnnfrvkvsvx;Baccalauréat<br/>P-Maintenance des équipements industriels<br/>obtenu;non examiné;1;11,89;non forcée;3;07/04/2014 à 22:26;0;13;0
262;495587;AHQTAKMXUC;Zbzxplosopyig;Baccalauréat<br/>STI2D-Système informatique et numérique<br/>en préparation;non examiné;1;9,74;non forcée;3;07/04/2014 à 22:26;0;0;0
121;537795;PIUBGYTKZA;Jwjtxhuwwgztl;Baccalauréat<br/>STI2D-Système informatique et numérique<br/>en préparation;non examiné;1;11,08;non forcée;3;07/04/2014 à 22:26;0;1;0
147;668302;DWCZBLVHQW;Ckdlizzivwdvi;Baccalauréat<br/>STI2D-Système informatique et numérique<br/>en préparation;non examiné;1;10,81;non forcée;3;07/04/2014 à 22:26;0;5;0
139;438448;LQRLPPOXJP;Fjferrkfdrqzs;Baccalauréat<br/>S-SI-Pas de spécialité (S.I)<br/>en préparation;non examiné;1;10,94;non forcée;3;07/04/2014 à 22:26;0;0;0
6;1140228;ZAFYVTWWSP;Hyshnmgiezrgi;Baccalauréat<br/>S-SVT-Informatique et Sciences du numérique<br/>obtenu;non examiné;1;14,21;non forcée;3;07/04/2014 à 22:26;0;27;0
25;776200;AIPLUAXHWP;Oeunakkrytevj;Baccalauréat<br/>P-Systèmes électroniques numériques<br/>en préparation;non examiné;1;12,86;non forcée;3;07/04/2014 à 22:26;0;0;0
401;478695;XGEEIDBDET;Swytfgvztkgqe;Baccalauréat<br/>S-SVT-Sciences de la vie et de la terre<br/>en préparation;non examiné;1;8,64;non forcée;3;07/04/2014 à 22:26;0;18;0
444;579085;EFWPMRQBYI;Esqbfvglpxrhm;Baccalauréat<br/>S-SVT-Physique-chimie<br/>en préparation;non examiné;1;8,18;non forcée;3;07/04/2014 à 22:26;0;23;0
49;404034;FMRZQDQBIO;Izsyftmarkpyo;Baccalauréat<br/>S-SVT-Mathématiques<br/>en préparation;non examiné;1;12,12;non forcée;3;07/04/2014 à 22:26;0;13;0
42;176387;AORDSCMXLX;Oknjempjciyks;Baccalauréat<br/>STI2D-Système informatique et numérique<br/>en préparation;non examiné;1;12,38;non forcée;3;07/04/2014 à 22:26;0;10;0
491;721662;TUFCNHBMZJ;Pwuutlabdpjsh;Baccalauréat<br/>S-SI-Mathématiques<br/>en préparation;non examiné;1;7,15;non forcée;3;07/04/2014 à 22:26;0;5;0
186;214202;YVJOHFZCNN;Zksxlwzjmggso;Baccalauréat<br/>STMG-Systèmes d'information et de gestion<br/>en préparation;non examiné;1;10,38;non forcée;3;07/04/2014 à 22:26;0;2;0
479;181312;XDCILIEFTD;Glavguutfmued;Baccalauréat<br/>S-SVT-Informatique et Sciences du numérique<br/>en préparation;non examiné;1;7,43;non forcée;3;07/04/2014 à 22:26;0;16;0
451;494373;TUMGODPCNF;Uuaaoefcsucbv;Baccalauréat<br/>P-Systèmes électroniques numériques<br/>en préparation;non examiné;1;8,04;non forcée;3;07/04/2014 à 22:26;0;4;0
243;1037451;MOZJZISOIB;Ysxvmzpvzzluy;Baccalauréat<br/>STG-Gestion systèmes d'information<br/>obtenu;non examiné;1;9,85;non forcée;3;07/04/2014 à 22:26;0;0;0
282;147373;FVNUGXBQMY;Nbtpryfzqqhkf;Baccalauréat<br/>S-SI-Informatique et Sciences du numérique<br/>en préparation;non examiné;1;9,51;non forcée;3;07/04/2014 à 22:26;0;3;0
433;651845;EXNYKNKVQV;Ceusbmwbxwasp;Baccalauréat<br/>STMG-Gestion et Finance<br/>en préparation;non examiné;1;8,32;non forcée;3;07/04/2014 à 22:26;0;0;0
498;376909;ZCVUDCCPTH;Vuuwrsfbgqerd;Baccalauréat<br/>S-SVT-Informatique et Sciences du numérique<br/>en préparation;non examiné;1;6,82;non forcée;3;07/04/2014 à 22:26;0;16;0
425;168865;LUXTMBPROF;Dqrjwrczsjlgh;Baccalauréat<br/>S-SVT-Informatique et Sciences du numérique<br/>en préparation;non examiné;1;8,4;non forcée;3;07/04/2014 à 22:26;0;16;0
191;688430;AZCYLPCZZK;Hayrjrrmdnoyx;Baccalauréat<br/>ES-Economie approfondie<br/>en préparation;non examiné;1;10,32;non forcée;3;07/04/2014 à 22:26;0;0;0
466;450423;VPZWTECLOD;Epaozlossmlaq;Baccalauréat<br/>S-SVT-Physique-chimie<br/>en préparation;non examiné;1;7,74;non forcée;3;07/04/2014 à 22:26;0;17;0
15;688656;QPUPNXUAPR;Yveykmzjzvfob;Baccalauréat<br/>STI2D-Système informatique et numérique<br/>en préparation;non examiné;1;13,4;non forcée;3;07/04/2014 à 22:26;0;5;0
346;1053021;NTFQZTCUEB;Vsrwgmwmgwdbg;Baccalauréat<br/>S-SVT-Physique-chimie<br/>obtenu;non examiné;1;9,09;non forcée;3;07/04/2014 à 22:26;0;27;0
110;638209;ILXNMPKLAC;Czjboqtfoflfc;Baccalauréat<br/>S-SVT-Informatique et Sciences du numérique<br/>en préparation;non examiné;1;11,19;non forcée;3;07/04/2014 à 22:26;0;16;0
93;508561;GFDCVVHWET;Hdpsscsupldgv;Baccalauréat<br/>STMG-Ressources Humaines et Communication<br/>en préparation;non examiné;1;11,32;non forcée;3;07/04/2014 à 22:26;0;0;0
328;1103149;OBUNXQYXHF;Poikxngqfsnfz;Baccalauréat<br/>ES-Mathématiques<br/>obtenu;non examiné;1;9,17;non forcée;3;07/04/2014 à 22:26;0;0;0
137;646617;IAVOEKTDZA;Jxhvpxpbowsvj;Baccalauréat<br/>S-SVT-Informatique et Sciences du numérique<br/>en préparation;non examiné;1;10,95;non forcée;3;07/04/2014 à 22:26;0;16;0
251;695161;DRPWRVJRTX;Ejbvvwkbztlsj;Baccalauréat<br/>STI2D-Système informatique et numérique<br/>en préparation;non examiné;1;9,8;non forcée;3;07/04/2014 à 22:26;0;0;0
75;319210;ZNTZIQKICR;Wbecqlsgkyghu;Baccalauréat<br/>S-SVT-Informatique et Sciences du numérique<br/>en préparation;non examiné;1;11,63;non forcée;3;07/04/2014 à 22:26;0;16;0
292;267465;NYTUVLGUNM;Uakculaokjomq;Baccalauréat<br/>S-SVT-Sciences de la vie et de la terre<br/>en préparation;non examiné;1;9,45;non forcée;3;07/04/2014 à 22:26;0;9;0
26;533877;FHTCYUXSTU;Rmsdxafaxdqvi;Baccalauréat<br/>P-Secrétariat<br/>en préparation;non examiné;1;12,8;non forcée;3;07/04/2014 à 22:26;0;5;0
92;778223;ITTDPBOSEG;Ovgpksuhiscnn;Baccalauréat<br/>STI2D-Système informatique et numérique<br/>en préparation;non examiné;1;11,34;non forcée;3;07/04/2014 à 22:26;0;10;0
168;382891;FLGJQSAARY;Messcwrptxjue;Baccalauréat<br/>S-SVT-Informatique et Sciences du numérique<br/>en préparation;non examiné;1;10,6;non forcée;3;07/04/2014 à 22:26;0;18;0
90;251806;AFOHHXWUMH;Bjhrgybilosfp;Baccalauréat<br/>S-SVT-Physique-chimie<br/>en préparation;non examiné;1;11,4;non forcée;3;07/04/2014 à 22:26;0;19;0
76;1072556;VKBCTVJPOF;Tyduymqjxvxbc;Baccalauréat<br/>STG-Comptabilité et finance d'entreprise<br/>obtenu;non examiné;1;11,61;non forcée;3;07/04/2014 à 22:26;0;0;0
496;534019;ERGAKSXSTX;Cuzshhdwnrymj;Baccalauréat<br/>S-SVT-Informatique et Sciences du numérique<br/>en préparation;non examiné;1;6,89;non forcée;3;07/04/2014 à 22:26;0;15;0
132;710607;NTLJBPBWQV;Xacxfvyekysyf;Baccalauréat<br/>S-SVT-Mathématiques<br/>en préparation;non examiné;1;10,99;non forcée;3;07/04/2014 à 22:26;0;20;0
469;450954;DCXOBPQHHB;Ajuolitafrezs;Baccalauréat<br/>S-SVT-Sciences de la vie et de la terre<br/>en préparation;non examiné;1;7,72;non forcée;3;07/04/2014 à 22:26;0;17;0
285;332207;NMEJVCWBJS;Iytipkpuoglzx;Baccalauréat<br/>STI2D-Système informatique et numérique<br/>en préparation;non examiné;1;9,5;non forcée;3;07/04/2014 à 22:26;0;3;0
94;214271;RLCQLANZBO;Rzzfkutitelol;Baccalauréat<br/>STMG-Systèmes d'information et de gestion<br/>en préparation;non examiné;1;11,31;non forcée;3;07/04/2014 à 22:26;0;0;0
521;1208930;FXVYFZTFYA;Voxyhecsppxwd;Baccalauréat<br/>P-Systèmes électroniques numériques<br/>obtenu;non examiné;1;5,69;non forcée;3;07/04/2014 à 22:26;0;18;0
61;661484;RLXDORNLVL;Kxtrxenbmfuex;Baccalauréat<br/>S-SI-Pas de spécialité (S.I)<br/>en préparation;non examiné;1;11,86;non forcée;3;07/04/2014 à 22:26;0;2;0
151;377196;AEFVZIOJTF;Hinmdyrphserr;Baccalauréat<br/>STMG-Mercatique<br/>en préparation;non examiné;1;10,78;non forcée;3;07/04/2014 à 22:26;0;1;0
108;325153;DNTOMNBBYA;Uxlxoxisuitjl;Baccalauréat<br/>STI2D-Système informatique et numérique<br/>en préparation;non examiné;1;11,21;non forcée;3;07/04/2014 à 22:26;0;0;0
127;553973;RNMDQSISND;Hsuabjeyuvddv;Baccalauréat<br/>S-SI-Mathématiques<br/>en préparation;non examiné;1;11,02;non forcée;3;07/04/2014 à 22:26;0;4;0
142;1017258;VUZIFFEHKN;Byazjkdjcrvwz;Baccalauréat<br/>S-SI-Pas de spécialité (S.I)<br/>obtenu;non examiné;1;10,89;non forcée;3;07/04/2014 à 22:26;0;3;0
410;1164671;OGWFSENKFE;Pvccyoqzfoshw;Baccalauréat<br/>S-SVT-Sciences de la vie et de la terre<br/>obtenu;non examiné;1;8,52;non forcée;3;07/04/2014 à 22:26;0;21;0
;1084817;CSGPWFMPWR;Dmemmygzcynpm;Diplôme équivalent<br/>SCI<br/>obtenu;non examiné;1;;non forcée;0;07/04/2014 à 22:26;0;4;0
305;396951;TYFGAHVJGQ;Roqqruaxrvwyw;Baccalauréat<br/>P-Comptabilité<br/>en préparation;non examiné;1;9,37;non forcée;3;07/04/2014 à 22:26;0;3;0
446;682302;CMFEEXLKTT;Jaszjhuwsoeth;Baccalauréat<br/>S-SVT-Sciences de la vie et de la terre<br/>en préparation;non examiné;1;8,16;non forcée;3;07/04/2014 à 22:26;0;16;0
144;579364;DRYDHPACBZ;Pqephkdfaqqup;Baccalauréat<br/>P-Comptabilité<br/>en préparation;non examiné;1;10,86;non forcée;3;07/04/2014 à 22:26;0;2;0
60;510222;GMZTPZVUUV;Foogbxctpieke;Baccalauréat<br/>STMG-Gestion et Finance<br/>en préparation;non examiné;1;11,87;non forcée;3;07/04/2014 à 22:26;0;1;0
153;1186912;OKBYTQTMPV;Rkxsyewuqvqdi;Baccalauréat<br/>S-SI-Informatique et Sciences du numérique<br/>obtenu;non examiné;1;10,75;non forcée;3;07/04/2014 à 22:26;0;3;0
201;1059709;VIQYBDHEKT;Uulkdfivqjomx;Baccalauréat<br/>S-SVT-Sciences de la vie et de la terre<br/>obtenu;non examiné;1;10,19;non forcée;3;07/04/2014 à 22:26;0;26;0
39;1089250;NAYSREZODC;Xkexaarxdncjz;Baccalauréat<br/>S-SI-Pas de spécialité (S.I)<br/>obtenu;non examiné;1;12,45;non forcée;3;07/04/2014 à 22:26;0;3;0
457;821911;YQMWBLSGNR;Lydkiqfzmtjhw;Baccalauréat<br/>STI2D-Système informatique et numérique<br/>en préparation;non examiné;1;7,98;non forcée;3;07/04/2014 à 22:26;0;2;0
107;1029539;MASTXOXNYZ;Kkipkxzqdpexw;DAEU<br/>-DAEU-Bobtenu;non examiné;1;11,22;non forcée;3;07/04/2014 à 22:26;0;24;0
14;1019372;GEODABSGPA;Nnsmofotrpvau;Baccalauréat<br/>P-Systèmes électroniques numériques<br/>obtenu;non examiné;1;13,52;non forcée;3;07/04/2014 à 22:26;0;0;0
127;1056835;ZAAKSOZDWQ;Tgtkiszsixpjn;Baccalauréat<br/>STI2D-Système informatique et numérique<br/>obtenu;non examiné;1;11,02;non forcée;3;07/04/2014 à 22:26;0;15;0
249;163827;NYPMUSGDAZ;Yagukisblhkro;Baccalauréat<br/>ES-Economie approfondie<br/>en préparation;non examiné;1;9,81;non forcée;3;07/04/2014 à 22:26;0;0;0
270;688640;BEZHMIJNHW;Yjrvhwqrccote;Baccalauréat<br/>STI2D-Energies et environnement<br/>en préparation;non examiné;1;9,69;non forcée;3;07/04/2014 à 22:26;0;3;0
121;319218;KAWNSXMNOO;Xvryyfwokbhko;Baccalauréat<br/>S-SVT-Informatique et Sciences du numérique<br/>en préparation;non examiné;1;11,08;non forcée;3;07/04/2014 à 22:26;0;16;0
293;284604;HNTEUREISU;Wnibtaccbklxz;Baccalauréat<br/>ES-Sciences sociales et politiques<br/>en préparation;non examiné;1;9,44;non forcée;3;07/04/2014 à 22:26;0;3;0
307;332092;AKGTTVHTHP;Ssjtxwbrfuftt;Baccalauréat<br/>STI2D-Système informatique et numérique<br/>en préparation;non examiné;1;9,35;non forcée;3;07/04/2014 à 22:26;0;0;0
465;214285;AABFYQVYJR;Avrznscskrhnv;Baccalauréat<br/>S-SVT-Sciences de la vie et de la terre<br/>en préparation;non examiné;1;7,78;non forcée;3;07/04/2014 à 22:26;0;17;0
514;1023023;LUFVNXHJNW;Klkhsdrstiewh;Baccalauréat<br/>ES-Langue renforcée<br/>obtenu;non examiné;1;6,38;non forcée;3;07/04/2014 à 22:26;0;11;0
88;377832;TPYAGESBVK;Kcigvwidkitle;Baccalauréat<br/>S-SVT-Informatique et Sciences du numérique<br/>en préparation;non examiné;1;11,45;non forcée;3;07/04/2014 à 22:26;0;16;0
256;319205;SOKHJHVCKE;Udflhgidwkjws;Baccalauréat<br/>STMG-Systèmes d'information et de gestion<br/>en préparation;non examiné;1;9,78;non forcée;3;07/04/2014 à 22:26;0;0;0
331;631031;VFNSTPBQDT;Mqhrdzydmecfj;Baccalauréat<br/>S-SVT-Mathématiques<br/>en préparation;non examiné;1;9,15;non forcée;3;07/04/2014 à 22:26;0;20;0
337;1128533;UFHSMKPJXS;Hjnmhwshhsklk;Baccalauréat<br/>S-SVT-Sciences de la vie et de la terre<br/>obtenu;non examiné;1;9,13;non forcée;3;07/04/2014 à 22:26;0;24;0
85;340433;LOUDBJGXWJ;Qnlclgamatate;Baccalauréat<br/>STI2D-Système informatique et numérique<br/>en préparation;non examiné;1;11,46;non forcée;3;07/04/2014 à 22:26;0;0;0
355;1035786;XGACXUXSSI;Ydfejbjirkrbq;Baccalauréat<br/>P-Systèmes électroniques numériques<br/>obtenu;non examiné;1;9,02;non forcée;3;07/04/2014 à 22:26;0;10;0
202;176300;XLJJGBJIEN;Ivseuqcjzclqj;Baccalauréat<br/>STI2D-Système informatique et numérique<br/>en préparation;non examiné;1;10,18;non forcée;3;07/04/2014 à 22:26;0;0;0
91;304704;RUIZTWWYYD;Leacdveklcgwv;Baccalauréat<br/>S-SVT-Sciences de la vie et de la terre<br/>en préparation;non examiné;1;11,38;non forcée;3;07/04/2014 à 22:26;0;14;0
187;488474;KXHOAZYDRS;Ohucaqwbxysbu;Baccalauréat<br/>S-SVT-Informatique et Sciences du numérique<br/>en préparation;non examiné;1;10,37;non forcée;3;07/04/2014 à 22:26;0;27;0
22;734868;USHPKUIMFJ;Vxqhzqdxgppoo;Baccalauréat<br/>P-Maintenance des équipements industriels<br/>en préparation;non examiné;1;13,02;non forcée;3;07/04/2014 à 22:26;0;4;0
149;554472;QEJRQJLVEK;Yxdqnrwatzsie;Baccalauréat<br/>S-SVT-Physique-chimie<br/>en préparation;non examiné;1;10,8;non forcée;3;07/04/2014 à 22:26;0;19;0
473;643772;ZSIXNNXKLB;Uiknjlyiucrro;Baccalauréat<br/>S-SVT-Physique-chimie<br/>en préparation;non examiné;1;7,55;non forcée;3;07/04/2014 à 22:26;0;15;0
277;332453;PZZFFYSDTT;Opmmoewvpkfdi;Baccalauréat<br/>STI2D-Innovation Technologique et Eco conception<br/>en préparation;non examiné;1;9,62;non forcée;3;07/04/2014 à 22:26;0;3;0
303;152407;WKOBYYXDKB;Tdwwdqfrzjbex;Baccalauréat<br/>STI2D-Système informatique et numérique<br/>en préparation;non examiné;1;9,38;non forcée;3;07/04/2014 à 22:26;0;11;0
296;438927;CCWZEZTODH;Uhrmboralioev;Baccalauréat<br/>P-Systèmes électroniques numériques<br/>en préparation;non examiné;1;9,41;non forcée;3;07/04/2014 à 22:26;0;12;0
13;504546;SIUCBSJNMW;Tosdawtcygogb;Baccalauréat<br/>STI2D-Système informatique et numérique<br/>en préparation;non examiné;1;13,53;non forcée;3;07/04/2014 à 22:26;0;1;0
219;411585;OSJROGUJPG;Ediugziksiocr;Baccalauréat<br/>STI2D-Système informatique et numérique<br/>en préparation;non examiné;1;10,03;non forcée;3;07/04/2014 à 22:26;0;1;0
36;161068;IODHKLHWIX;Bvpbjscbwwbyv;Baccalauréat<br/>S-SVT-Mathématiques<br/>en préparation;non examiné;1;12,48;non forcée;3;07/04/2014 à 22:26;0;14;0
296;504568;UXJDOXRQOX;Jkrzgfvrcnyro;Baccalauréat<br/>STI2D-Système informatique et numérique<br/>en préparation;non examiné;1;9,41;non forcée;3;07/04/2014 à 22:26;0;1;0
30;378760;TXSKWVIFTR;Qdxvhmyltohol;Baccalauréat<br/>S-SVT-Mathématiques<br/>en préparation;non examiné;1;12,68;non forcée;3;07/04/2014 à 22:26;0;27;0
435;576372;DFJICGXCBO;Aqxoznspflmsd;Baccalauréat<br/>S-SI-Informatique et Sciences du numérique<br/>en préparation;non examiné;1;8,3;non forcée;3;07/04/2014 à 22:26;0;2;0
419;508838;JNHINGPVWS;Ijvfrdlmtxvpy;Baccalauréat<br/>STMG-Systèmes d'information et de gestion<br/>en préparation;non examiné;1;8,43;non forcée;3;07/04/2014 à 22:26;0;4;0
101;269129;OEECDRNLXO;Iokvwrohdcqau;Baccalauréat<br/>STMG-Systèmes d'information et de gestion<br/>en préparation;non examiné;1;11,24;non forcée;3;07/04/2014 à 22:26;0;2;0
509;533937;WIKIKKYQVB;Xnmsbzrdpxxyq;Baccalauréat<br/>S-SVT-Informatique et Sciences du numérique<br/>en préparation;non examiné;1;6,52;non forcée;3;07/04/2014 à 22:26;0;17;0
198;447831;KQZQCSXJTH;Cegsijpsqrcbj;Baccalauréat<br/>S-SI-Informatique et Sciences du numérique<br/>en préparation;non examiné;1;10,24;non forcée;3;07/04/2014 à 22:26;0;0;0
;1015771;FGRASTBUPS;Lgdyeuklracbs;Diplôme équivalent<br/>SCI<br/>obtenu;non examiné;1;;non forcée;0;07/04/2014 à 22:26;0;4;0
516;698473;PQXKFLBVOO;Gbtvwvbbmianf;Baccalauréat<br/>P-Systèmes électroniques numériques<br/>en préparation;non examiné;1;6,37;non forcée;3;07/04/2014 à 22:26;0;18;0
513;147186;GGWZMGIOVF;Nzlpahpnozrdk;Baccalauréat<br/>S-SI-Pas de spécialité (S.I)<br/>en préparation;non examiné;1;6,4;non forcée;3;07/04/2014 à 22:26;0;2;0
265;1042196;WYLIZYLQUS;Btwtmogimpmld;Baccalauréat<br/>ES-Mathématiques<br/>obtenu;non examiné;1;9,71;non forcée;3;07/04/2014 à 22:26;0;13;0
314;169895;OUWFTXEWVT;Wwvlyliwkbitn;Baccalauréat<br/>STI2D-Système informatique et numérique<br/>en préparation;non examiné;1;9,26;non forcée;3;07/04/2014 à 22:26;0;3;0
271;1154952;EVWJNLMTZP;Fjwrwnuhspjee;Baccalauréat<br/>S-SVT-Sciences de la vie et de la terre<br/>en préparation;non examiné;1;9,67;non forcée;3;07/04/2014 à 22:26;0;0;0
329;1199808;EXKXGYZRUJ;Bzgyqtjqeheqx;Baccalauréat<br/>S-SI-Pas de spécialité (S.I)<br/>obtenu;non examiné;1;9,16;non forcée;3;07/04/2014 à 22:26;0;0;0
206;1136235;AHGFLAGTRA;Fcadjrxrpexnr;Baccalauréat<br/>STG-Communication et gestion des ressources humaines<br/>obtenu;non examiné;1;10,13;non forcée;3;07/04/2014 à 22:26;0;1;0
5;149542;COZDNAVEFR;Lacqqhgmwflua;Baccalauréat<br/>STI2D-Système informatique et numérique<br/>en préparation;non examiné;1;14,45;non forcée;3;07/04/2014 à 22:26;0;5;0
430;284984;BXCPULQHGX;Rzqxemkhggvzu;Baccalauréat<br/>S-SI-Pas de spécialité (S.I)<br/>en préparation;non examiné;1;8,35;non forcée;3;07/04/2014 à 22:26;0;2;0
286;296852;VBCWSWFRNH;Gvpeugsitcgpk;Baccalauréat<br/>S-SVT-Informatique et Sciences du numérique<br/>en préparation;non examiné;1;9,49;non forcée;3;07/04/2014 à 22:26;0;21;0
433;214451;EFZQWLLGAP;Xhfdkntghezyz;Baccalauréat<br/>S-SI-Physique-chimie<br/>en préparation;non examiné;1;8,32;non forcée;3;07/04/2014 à 22:26;0;3;0
39;1142124;CHKYOEAULF;Ohnbeztmpeoel;Baccalauréat<br/>STI2D-Système informatique et numérique<br/>obtenu;non examiné;1;12,45;non forcée;3;07/04/2014 à 22:26;0;13;0
210;214474;GARLZKCIUK;Lqmdheoqmnsey;Baccalauréat<br/>STMG-Systèmes d'information et de gestion<br/>en préparation;non examiné;1;10,07;non forcée;3;07/04/2014 à 22:26;0;1;0
326;527156;TUBOIPQXXO;Xjctgbsxslulg;Baccalauréat<br/>STI2D-Innovation Technologique et Eco conception<br/>en préparation;non examiné;1;9,18;non forcée;3;07/04/2014 à 22:26;0;1;0
265;1056551;JNSDBVKZNA;Gusbgxbtqvxoc;Baccalauréat<br/>S-SVT-Sciences de la vie et de la terre<br/>obtenu;non examiné;1;9,71;non forcée;3;07/04/2014 à 22:26;0;22;0
96;1141938;ENDWIUVIUT;Zwnqamkesgrzl;Baccalauréat<br/>STI2D-Système informatique et numérique<br/>obtenu;non examiné;1;11,29;non forcée;3;07/04/2014 à 22:26;0;0;0
364;437108;XJAAVOVVVK;Idaxlxpexpmwf;Baccalauréat<br/>STI2D-Energies et environnement<br/>en préparation;non examiné;1;8,93;non forcée;3;07/04/2014 à 22:26;0;3;0
323;453920;ZFOFWWFCKM;Vzqrespbltkvx;Baccalauréat<br/>S-SVT-Physique-chimie<br/>en préparation;non examiné;1;9,19;non forcée;3;07/04/2014 à 22:26;0;16;0
254;1202112;RVGZDAGPAD;Qarwqlmrclzcp;Baccalauréat<br/>STG-Communication et gestion des ressources humaines<br/>obtenu;non examiné;1;9,79;non forcée;3;07/04/2014 à 22:26;0;6;0
62;677972;QZEDHSEGYH;Teixrxxzhxouy;Baccalauréat<br/>S-SVT-Mathématiques<br/>en préparation;non examiné;1;11,84;non forcée;3;07/04/2014 à 22:26;0;14;0
3;223109;BDZTCNLDAA;Hbypminyjgwma;Baccalauréat<br/>STI2D-Architecture et construction<br/>en préparation;non examiné;1;15,23;non forcée;3;07/04/2014 à 22:26;0;2;0
108;411465;LQCTEMUSHK;Luldjycrjhusf;Baccalauréat<br/>STI2D-Système informatique et numérique<br/>en préparation;non examiné;1;11,21;non forcée;3;07/04/2014 à 22:26;0;6;0
408;669211;RJECVKNLQS;Koyforeggqcnc;Baccalauréat<br/>S-SVT-Physique-chimie<br/>en préparation;non examiné;1;8,53;non forcée;3;07/04/2014 à 22:26;0;19;0
313;376955;OWOLMJMJHQ;Xuhfceirkgldk;Baccalauréat<br/>S-SVT-Informatique et Sciences du numérique<br/>en préparation;non examiné;1;9,27;non forcée;3;07/04/2014 à 22:26;0;16;0
486;628661;HUSCVXOVIA;Soilzsuczbhqj;Baccalauréat<br/>S-SI-Pas de spécialité (S.I)<br/>en préparation;non examiné;1;7,25;non forcée;3;07/04/2014 à 22:26;0;5;0
12;793791;FTDFWHYDOS;Epzrwoblsaqbp;Baccalauréat<br/>P-Logistique<br/>en préparation;non examiné;1;13,65;non forcée;3;07/04/2014 à 22:26;0;2;0
149;1094458;TBYITZXHRR;Mbzgztxbhnaxp;Baccalauréat<br/>ES-Mathématiques<br/>obtenu;non examiné;1;10,8;non forcée;3;07/04/2014 à 22:26;0;6;0
499;272394;HTNJCZBJFF;Jbdqdhwhrakhj;Baccalauréat<br/>S-SVT-Physique-chimie<br/>en préparation;non examiné;1;6,8;non forcée;3;07/04/2014 à 22:26;0;16;0
121;1188580;ISAFICZGHX;Vswqhxgnwkcjz;Baccalauréat<br/>STI-Génie électrotechnique<br/>obtenu;non examiné;1;11,08;non forcée;3;07/04/2014 à 22:26;0;0;0
18;542721;AXDUBHJBJZ;Mernfjqenbcdo;Baccalauréat<br/>S-SVT-Mathématiques<br/>en préparation;non examiné;1;13,32;non forcée;3;07/04/2014 à 22:26;0;15;0
353;1144000;DIZHOBQRIX;Jeupxsttttavx;Baccalauréat<br/>S-SI-Mathématiques<br/>obtenu;non examiné;1;9,04;non forcée;3;07/04/2014 à 22:26;0;18;0
431;765246;ULISYSEFZG;Bemmrggfjvepq;Baccalauréat<br/>STL-Biotechnologies<br/>en préparation;non examiné;1;8,33;non forcée;3;07/04/2014 à 22:26;0;2;0
396;305346;EPTUICPGVZ;Hllthxkeugawy;Baccalauréat<br/>S-SVT-Sciences de la vie et de la terre<br/>en préparation;non examiné;1;8,66;non forcée;3;07/04/2014 à 22:26;0;22;0
195;263234;CWATGSOLZP;Zqxomynzufmvj;Baccalauréat<br/>S-SI-Informatique et Sciences du numérique<br/>en préparation;non examiné;1;10,26;non forcée;3;07/04/2014 à 22:26;0;2;0
80;688708;ZVFDCBXEET;Udnxqxcazuprs;Baccalauréat<br/>S-SI-Informatique et Sciences du numérique<br/>en préparation;non examiné;1;11,55;non forcée;3;07/04/2014 à 22:26;0;4;0
173;187935;DAFHJJVQAQ;Vpvdcovtcagtr;Baccalauréat<br/>STI2D-Système informatique et numérique<br/>en préparation;non examiné;1;10,53;non forcée;3;07/04/2014 à 22:26;0;0;0
423;1172291;CHIOVAACEB;Livkwvkqfgzom;Baccalauréat<br/>S-SI-Pas de spécialité (S.I)<br/>obtenu;non examiné;1;8,41;non forcée;3;07/04/2014 à 22:26;0;0;0
199;438437;LJKGJYMZYA;Jauinfoqhstvx;Baccalauréat<br/>S-SI-Informatique et Sciences du numérique<br/>en préparation;non examiné;1;10,21;non forcée;3;07/04/2014 à 22:26;0;2;0
64;1133429;MEWMZOPPPD;Ngtccssaghwfu;Baccalauréat<br/>ES-Mathématiques<br/>obtenu;non examiné;1;11,83;non forcée;3;07/04/2014 à 22:26;0;0;0
57;157074;SSVWGWRENT;Chuhhuocvuork;Baccalauréat<br/>STMG-Mercatique<br/>en préparation;non examiné;1;11,91;non forcée;3;07/04/2014 à 22:26;0;0;0
360;211665;AYXTMUNTCG;Achdtjktpqoue;Baccalauréat<br/>S-SI-Informatique et Sciences du numérique<br/>en préparation;non examiné;1;8,96;non forcée;3;07/04/2014 à 22:26;0;2;0
1;287492;KIOIBXRYFN;Qppmlqbymozca;Baccalauréat<br/>P-Systèmes électroniques numériques<br/>en préparation;non examiné;1;15,81;non forcée;3;07/04/2014 à 22:26;0;15;0
438;1056863;DAYALMOTKN;Geshehwvrbxuo;Baccalauréat<br/>S-SVT-Physique-chimie<br/>obtenu;non examiné;1;8,26;non forcée;3;07/04/2014 à 22:26;0;25;0
257;411866;QUIWOGNCJC;Gbjjwdevpyztm;Baccalauréat<br/>S-SVT-Sciences de la vie et de la terre<br/>en préparation;non examiné;1;9,77;non forcée;3;07/04/2014 à 22:26;0;18;0
461;598187;CEFNSGQXHK;Ialitjqubbmkj;Baccalauréat<br/>S-SI-Informatique et Sciences du numérique<br/>en préparation;non examiné;1;7,84;non forcée;3;07/04/2014 à 22:26;0;0;0
189;1122519;BRSOEIHQFB;Crhvlittzbbcj;Baccalauréat<br/>P-Comptabilité<br/>obtenu;non examiné;1;10,35;non forcée;3;07/04/2014 à 22:26;0;9;0
139;1033113;DNPLCOEFBB;Dzrkrobrnghxu;Baccalauréat<br/>P-Systèmes électroniques numériques<br/>obtenu;non examiné;1;10,94;non forcée;3;07/04/2014 à 22:26;0;5;0
365;690406;LRNYYIHZRL;Hkhzydjehkrqm;Baccalauréat<br/>S-SVT-Physique-chimie<br/>en préparation;non examiné;1;8,91;non forcée;3;07/04/2014 à 22:26;0;16;0
157;244744;CJTKRHAQMP;Qsrrgwyjodcjd;Baccalauréat<br/>S-SVT-Informatique et Sciences du numérique<br/>en préparation;non examiné;1;10,68;non forcée;3;07/04/2014 à 22:26;0;21;0
106;369678;ADTOPIJARR;Xwvfcwwauddul;Baccalauréat<br/>S-SI-Informatique et Sciences du numérique<br/>en préparation;non examiné;1;11,23;non forcée;3;07/04/2014 à 22:26;0;4;0
210;512152;KKWPRQZLGD;Idszxfudfmgns;Baccalauréat<br/>STI2D-Energies et environnement<br/>en préparation;non examiné;1;10,07;non forcée;3;07/04/2014 à 22:26;0;6;0
348;636455;ARMFHOOVZJ;Ihodofoensoke;Baccalauréat<br/>STI2D-Innovation Technologique et Eco conception<br/>en préparation;non examiné;1;9,08;non forcée;3;07/04/2014 à 22:26;0;4;0
124;539545;AVGGSYNMQF;Iojlpaifjtqok;Baccalauréat<br/>S-SVT-Physique-chimie<br/>en préparation;non examiné;1;11,07;non forcée;3;07/04/2014 à 22:26;0;14;0
344;1091990;KWZUVAUCCC;Mnoizguaxmpqp;Baccalauréat<br/>S-SVT-Sciences de la vie et de la terre<br/>obtenu;non examiné;1;9,1;non forcée;3;07/04/2014 à 22:26;0;24;0
259;178181;PYIHKXIJDK;Igcgjzhdchegb;Baccalauréat<br/>P-Electrotechnique, énergie, équipements communicants<br/>en préparation;non examiné;1;9,76;non forcée;3;07/04/2014 à 22:26;0;4;0
518;284917;VUNIRQSWGI;Jpszfpkhgrqkq;Baccalauréat<br/>STMG-Systèmes d'information et de gestion<br/>en préparation;non examiné;1;6,13;non forcée;3;07/04/2014 à 22:26;0;4;0
117;512804;GFUYGTBRAT;Nmydicfnvjchz;Baccalauréat<br/>STI2D-Innovation Technologique et Eco conception<br/>en préparation;non examiné;1;11,14;non forcée;3;07/04/2014 à 22:26;0;6;0
209;1019403;ATGCLFJMNG;Nmfjwnjlicpwv;Baccalauréat<br/>STG-Comptabilité et finance d'entreprise<br/>obtenu;non examiné;1;10,09;non forcée;3;07/04/2014 à 22:26;0;3;0
286;677974;MVOGQTVXTT;Pilruqibclmxb;Baccalauréat<br/>S-SVT-Physique-chimie<br/>en préparation;non examiné;1;9,49;non forcée;3;07/04/2014 à 22:26;0;17;0
54;434276;EOCTEXSGXQ;Ozceixfwjkrye;Baccalauréat<br/>ES-Mathématiques<br/>en préparation;non examiné;1;12,04;non forcée;3;07/04/2014 à 22:26;0;0;0
412;801832;JJNBHETGLF;Tsihnuqhrqkud;Baccalauréat<br/>STMG-Gestion et Finance<br/>en préparation;non examiné;1;8,5;non forcée;3;07/04/2014 à 22:26;0;27;0
473;434589;CAYIVSOVPF;Ektlxeesovfav;Baccalauréat<br/>S-SI-Pas de spécialité (S.I)<br/>en préparation;non examiné;1;7,55;non forcée;3;07/04/2014 à 22:26;0;3;0
478;528345;NBKDOPMTNJ;Gwymkzqpdzyys;Baccalauréat<br/>S-SVT-Sciences de la vie et de la terre<br/>en préparation;non examiné;1;7,44;non forcée;3;07/04/2014 à 22:26;0;16;0
369;605849;QUNJREPTSP;Yeuikrvvoicph;Baccalauréat<br/>ES-Economie approfondie<br/>en préparation;non examiné;1;8,9;non forcée;3;07/04/2014 à 22:26;0;3;0
494;450424;FGPGHMTOIO;Chsmymlfqvlmc;Baccalauréat<br/>S-SVT-Physique-chimie<br/>en préparation;non examiné;1;6,99;non forcée;3;07/04/2014 à 22:26;0;16;0
9;803799;SOQYZNRXNH;Hsbmhqnpyhwbd;Baccalauréat<br/>S-SVT-Sciences de la vie et de la terre<br/>en préparation;non examiné;1;13,77;non forcée;3;07/04/2014 à 22:26;0;14;0
178;382244;OZVKTLFGCT;Jqfbgxcdcffsw;Baccalauréat<br/>S-SVT-Physique-chimie<br/>en préparation;non examiné;1;10,49;non forcée;3;07/04/2014 à 22:26;0;17;0
226;521948;DLGOJTAMYD;Wlgxyvikbsazz;Baccalauréat<br/>S-SVT-Sciences de la vie et de la terre<br/>en préparation;non examiné;1;9,99;non forcée;3;07/04/2014 à 22:26;0;16;0
449;639105;GSEYOUNNQG;Iphbxfdfcarrj;Baccalauréat<br/>STI2D-Système informatique et numérique<br/>en préparation;non examiné;1;8,05;non forcée;3;07/04/2014 à 22:26;0;8;0
335;656278;URXZDSJQUI;Twmlxkdaicxfp;Baccalauréat<br/>STI2D-Système informatique et numérique<br/>en préparation;non examiné;1;9,14;non forcée;3;07/04/2014 à 22:26;0;7;0
52;284944;GGQKWGUYOI;Lmtktkxxadijs;Baccalauréat<br/>STI2D-Système informatique et numérique<br/>en préparation;non examiné;1;12,05;non forcée;3;07/04/2014 à 22:26;0;0;0
320;579443;YEMQUNLUMP;Azxmdzhwlvawt;Baccalauréat<br/>S-SVT-Sciences de la vie et de la terre<br/>en préparation;non examiné;1;9,2;non forcée;3;07/04/2014 à 22:26;0;16;0
203;239273;XQAHIORNEC;Lnsuyfckcfdup;Baccalauréat<br/>S-SVT-Informatique et Sciences du numérique<br/>en préparation;non examiné;1;10,17;non forcée;3;07/04/2014 à 22:26;0;14;0
396;438459;JCBEWJPMJO;Cdhlhsjoktbpn;Baccalauréat<br/>STI2D-Innovation Technologique et Eco conception<br/>en préparation;non examiné;1;8,66;non forcée;3;07/04/2014 à 22:26;0;4;0
350;758942;YTLAPUBXGW;Nbcjdhgnzndaj;Baccalauréat<br/>STMG-Gestion et Finance<br/>en préparation;non examiné;1;9,07;non forcée;3;07/04/2014 à 22:26;0;0;0
411;1177707;UBJBAAXCUN;Zrxsggzoehxdj;Baccalauréat<br/>ES-Langue renforcée<br/>obtenu;non examiné;1;8,51;non forcée;3;07/04/2014 à 22:26;0;7;0
335;1029026;XNGHCJBYHY;Headvwlerhszc;Baccalauréat<br/>P-Electrotechnique, énergie, équipements communicants<br/>obtenu;non examiné;1;9,14;non forcée;3;07/04/2014 à 22:26;0;17;0
390;1088893;ZFYEGTDSZO;Zdvbcjpbqqvlj;Baccalauréat<br/>S-SI-Informatique et Sciences du numérique<br/>obtenu;non examiné;1;8,72;non forcée;3;07/04/2014 à 22:26;0;4;0
159;1141547;RWOTBKFDEM;Winvbnqkzmjlt;Baccalauréat<br/>P-Electrotechnique, énergie, équipements communicants<br/>obtenu;non examiné;1;10,66;non forcée;3;07/04/2014 à 22:26;0;14;0
110;672621;FMWVRJRNIU;Kdmrbbkpzkwok;Baccalauréat<br/>ES-Mathématiques<br/>en préparation;non examiné;1;11,19;non forcée;3;07/04/2014 à 22:26;0;2;0
504;284861;OOPHHYRSVY;Vmrnhfytpexrb;Baccalauréat<br/>STL-Biotechnologies<br/>en préparation;non examiné;1;6,72;non forcée;3;07/04/2014 à 22:26;0;5;0
267;734933;RJLVCDFEPX;Tuchlzlhmrknb;Baccalauréat<br/>STI2D-Système informatique et numérique<br/>en préparation;non examiné;1;9,7;non forcée;3;07/04/2014 à 22:26;0;2;0
331;1051928;PIPQJAFZMF;Grhnucqdiwvzs;Baccalauréat<br/>S-SVT-Physique-chimie<br/>obtenu;non examiné;1;9,15;non forcée;3;07/04/2014 à 22:26;0;11;0
505;438403;NUDFJIXBLB;Yradxudioquvd;Baccalauréat<br/>STI2D-Système informatique et numérique<br/>en préparation;non examiné;1;6,65;non forcée;3;07/04/2014 à 22:26;0;3;0
381;465215;DKHLTYHXWN;Xnzqjqurqulkv;Baccalauréat<br/>P-Systèmes électroniques numériques<br/>en préparation;non examiné;1;8,79;non forcée;3;07/04/2014 à 22:26;0;2;0
184;812917;YNABTHRUTO;Ryuovmqpgbokr;Baccalauréat<br/>STI2D-Système informatique et numérique<br/>en préparation;non examiné;1;10,43;non forcée;3;07/04/2014 à 22:26;0;17;0
207;401907;YIHLZTNUUE;Aiircblhclmpc;Baccalauréat<br/>S-SVT-Mathématiques<br/>en préparation;non examiné;1;10,12;non forcée;3;07/04/2014 à 22:26;0;14;0
361;626549;KDOIYORVBI;Acxypnmndzbjj;Baccalauréat<br/>STMG-Systèmes d'information et de gestion<br/>en préparation;non examiné;1;8,95;non forcée;3;07/04/2014 à 22:26;0;3;0
497;163778;EPRHPPBUEF;Qdkhizkzwfqbr;Baccalauréat<br/>STMG-Ressources Humaines et Communication<br/>en préparation;non examiné;1;6,88;non forcée;3;07/04/2014 à 22:26;0;2;0
523;727684;MQJOZFZBEP;Odsmmhydojjac;Baccalauréat<br/>S-SVT-Informatique et Sciences du numérique<br/>en préparation;non examiné;1;5,47;non forcée;3;07/04/2014 à 22:26;0;18;0
207;308679;XVIZSVPSTL;Slvuxldgbuswf;Baccalauréat<br/>P-Electrotechnique, énergie, équipements communicants<br/>en préparation;non examiné;1;10,12;non forcée;3;07/04/2014 à 22:26;0;8;0
509;214528;OKEGTEORVV;Zhwvjlbmjutvq;Baccalauréat<br/>S-SVT-Sciences de la vie et de la terre<br/>en préparation;non examiné;1;6,52;non forcée;3;07/04/2014 à 22:26;0;20;0
144;633463;WLAGFMBMCP;Bvlyuiyjfjtdk;Baccalauréat<br/>STI2D-Innovation Technologique et Eco conception<br/>en préparation;non examiné;1;10,86;non forcée;3;07/04/2014 à 22:26;0;3;0
456;526883;HDGGGWYUOM;Irkksnkhvilwu;Baccalauréat<br/>STI2D-Innovation Technologique et Eco conception<br/>en préparation;non examiné;1;8,01;non forcée;3;07/04/2014 à 22:26;0;4;0
275;1088153;YPFHBDVNBM;Hfiynpzbhkzyu;Baccalauréat<br/>L-Langue renforcée<br/>obtenu;non examiné;1;9,63;non forcée;3;07/04/2014 à 22:26;0;24;0
318;214007;AHVTXIRWAV;Ilgkftzawtxag;Baccalauréat<br/>STI2D-Energies et environnement<br/>en préparation;non examiné;1;9,22;non forcée;3;07/04/2014 à 22:26;0;0;0
240;163855;VJOBAWGLUL;Yhufavgpscehp;Baccalauréat<br/>STMG-Ressources Humaines et Communication<br/>en préparation;non examiné;1;9,86;non forcée;3;07/04/2014 à 22:26;0;1;0
254;214229;DKGUFNTCHN;Jlucmdntkvipj;Baccalauréat<br/>STMG-Systèmes d'information et de gestion<br/>en préparation;non examiné;1;9,79;non forcée;3;07/04/2014 à 22:26;0;0;0
259;678083;QAKRVQLTYO;Npdmkviburito;Baccalauréat<br/>S-SVT-Physique-chimie<br/>en préparation;non examiné;1;9,76;non forcée;3;07/04/2014 à 22:26;0;16;0
274;344284;VUYJCLPUYB;Ljobzxktkyvzd;Baccalauréat<br/>S-SVT-Informatique et Sciences du numérique<br/>en préparation;non examiné;1;9,65;non forcée;3;07/04/2014 à 22:26;0;16;0
524;546048;CMXGWYJXCK;Berbneuphicml;Baccalauréat<br/>L-Mathématiques<br/>en préparation;non examiné;1;5,29;non forcée;3;07/04/2014 à 22:26;0;33;0
188;285192;CRTGFNHFPN;Jdjtknqrcauwr;Baccalauréat<br/>STI2D-Système informatique et numérique<br/>en préparation;non examiné;1;10,36;non forcée;3;07/04/2014 à 22:26;0;0;0
32;778294;UBEGZIEYSJ;Nfhxzawajrarl;Baccalauréat<br/>S-SI-Pas de spécialité (S.I)<br/>en préparation;non examiné;1;12,57;non forcée;3;07/04/2014 à 22:26;0;3;0
311;213197;EENJRPGBDN;Yzblfwhuhhjtb;Baccalauréat<br/>S-SVT-Mathématiques<br/>en préparation;non examiné;1;9,3;non forcée;3;07/04/2014 à 22:26;0;14;0
173;268402;JTVANXHHEB;Yibswgtkcvrrg;Baccalauréat<br/>STMG-Systèmes d'information et de gestion<br/>en préparation;non examiné;1;10,53;non forcée;3;07/04/2014 à 22:26;0;0;0
213;332421;NRRJGEQIKB;Peejekbkksmln;Baccalauréat<br/>STI2D-Système informatique et numérique<br/>en préparation;non examiné;1;10,06;non forcée;3;07/04/2014 à 22:26;0;1;0
193;334665;SWXFAEHLOC;Sswedfwwdssdt;Baccalauréat<br/>S-SVT-Informatique et Sciences du numérique<br/>en préparation;non examiné;1;10,31;non forcée;3;07/04/2014 à 22:26;0;16;0
185;833167;FVSPDEEVFV;Skuovbjyykfif;Baccalauréat<br/>S-SVT-Sciences de la vie et de la terre<br/>en préparation;non examiné;1;10,41;non forcée;3;07/04/2014 à 22:26;0;20;0
293;268205;IOSVGJEZAP;Xpeoedrdxihca;Baccalauréat<br/>STMG-Systèmes d'information et de gestion<br/>en préparation;non examiné;1;9,44;non forcée;3;07/04/2014 à 22:26;0;0;0
164;576210;HCHWSIDSWC;Zoybhnxkbpehf;Baccalauréat<br/>P-Technicien d'usinage<br/>en préparation;non examiné;1;10,63;non forcée;3;07/04/2014 à 22:26;0;2;0
165;438446;IAVCLDZHDE;Qucsjfjdiaiwe;Baccalauréat<br/>S-SI-Informatique et Sciences du numérique<br/>en préparation;non examiné;1;10,62;non forcée;3;07/04/2014 à 22:26;0;2;0
132;1053189;VLZVASLEVE;Etxxfvzipsyfv;Baccalauréat<br/>STG-Gestion systèmes d'information<br/>obtenu;non examiné;1;10,99;non forcée;3;07/04/2014 à 22:26;0;0;0
517;184219;QVEDCOKOFS;Susxppavlcwbn;Baccalauréat<br/>S-SVT-Mathématiques<br/>en préparation;non examiné;1;6,31;non forcée;3;07/04/2014 à 22:26;0;14;0
50;1200988;UXWFKVKOKO;Ipxhvjzbvsoel;Baccalauréat<br/>ES-Mathématiques<br/>obtenu;non examiné;1;12,1;non forcée;3;07/04/2014 à 22:26;0;6;0
305;151981;OOMJVYQGYY;Wcpvjvoabiogs;Baccalauréat<br/>S-SI-Pas de spécialité (S.I)<br/>en préparation;non examiné;1;9,37;non forcée;3;07/04/2014 à 22:26;0;2;0
233;270710;MQKQNJHYKP;Awzuhvyihxoqi;Baccalauréat<br/>S-SVT-Sciences de la vie et de la terre<br/>en préparation;non examiné;1;9,9;non forcée;3;07/04/2014 à 22:26;0;16;0
251;721775;BOLQKSFUQF;Lhztedtkkbfct;Baccalauréat<br/>S-SI-Pas de spécialité (S.I)<br/>en préparation;non examiné;1;9,8;non forcée;3;07/04/2014 à 22:26;0;5;0
182;200697;SXUZPNXLHM;Dpraeknkvqrum;Baccalauréat<br/>STI2D-Système informatique et numérique<br/>en préparation;non examiné;1;10,44;non forcée;3;07/04/2014 à 22:26;0;0;0
110;510736;KANUJUZOIX;Gzrpylsegynnf;Baccalauréat<br/>S-SI-Informatique et Sciences du numérique<br/>en préparation;non examiné;1;11,19;non forcée;3;07/04/2014 à 22:26;0;2;0
180;633717;CEXGLLSTUG;Xzgqjdswmlbae;Baccalauréat<br/>STI2D-Innovation Technologique et Eco conception<br/>en préparation;non examiné;1;10,48;non forcée;3;07/04/2014 à 22:26;0;3;0
396;822039;SHYNAPOMMH;Hskizakibamlp;Baccalauréat<br/>P-Systèmes électroniques numériques<br/>en préparation;non examiné;1;8,66;non forcée;3;07/04/2014 à 22:26;0;9;0
125;772586;DZWRMIYSQF;Odfhymlubtcuf;Baccalauréat<br/>S-SI-Informatique et Sciences du numérique<br/>en préparation;non examiné;1;11,04;non forcée;3;07/04/2014 à 22:26;0;3;0
459;632763;ZDVQCPUTSC;Edlrwsipyqiah;Baccalauréat<br/>STI2D-Système informatique et numérique<br/>en préparation;non examiné;1;7,92;non forcée;3;07/04/2014 à 22:26;0;4;0
452;170514;QEQXOCTHCU;Cwfzihuekpwpy;Baccalauréat<br/>S-SVT-Physique-chimie<br/>en préparation;non examiné;1;8,03;non forcée;3;07/04/2014 à 22:26;0;15;0
119;1141944;VNPYZDMMNW;Tadccaiybsvia;Baccalauréat<br/>P-Systèmes électroniques numériques<br/>obtenu;non examiné;1;11,11;non forcée;3;07/04/2014 à 22:26;0;0;0
337;651556;GDSEXRRXBP;Bvshtpazzoyrm;Baccalauréat<br/>S-SVT-Informatique et Sciences du numérique<br/>en préparation;non examiné;1;9,13;non forcée;3;07/04/2014 à 22:26;0;18;0
178;633736;CSZWAUQKDO;Rxakzledocrmb;Baccalauréat<br/>STI2D-Innovation Technologique et Eco conception<br/>en préparation;non examiné;1;10,49;non forcée;3;07/04/2014 à 22:26;0;3;0
511;576244;NLYUUDOHIG;Ouweezbajusli;Baccalauréat<br/>STI2D-Système informatique et numérique<br/>en préparation;non examiné;1;6,48;non forcée;3;07/04/2014 à 22:26;0;1;0
342;453704;XASINCCRMB;Zgmahigzrjepr;Baccalauréat<br/>STI2D-Architecture et construction<br/>en préparation;non examiné;1;9,11;non forcée;3;07/04/2014 à 22:26;0;0;0
78;251790;UIKEZUCRVX;Wyohbrjfdvqhq;Baccalauréat<br/>S-SVT-Mathématiques<br/>en préparation;non examiné;1;11,58;non forcée;3;07/04/2014 à 22:26;0;25;0
197;377286;LYHXKBQBDU;Bphfqwhwxxgoo;Baccalauréat<br/>S-SVT-Mathématiques<br/>en préparation;non examiné;1;10,25;non forcée;3;07/04/2014 à 22:26;0;15;0
;1032797;XQLDXXZQVW;Loiylrdggpbyw;DAEU<br/>-DAEU-Aen préparation;non examiné;1;;non forcée;0;07/04/2014 à 22:26;0;3;0
232;1067887;OAVIBCIVLW;Ahdjneexqlxlx;Baccalauréat<br/>S-SI-Informatique et Sciences du numérique<br/>obtenu;non examiné;1;9,91;non forcée;3;07/04/2014 à 22:26;0;4;0
293;668173;DKSOYWQHYZ;Ftgcmxfdpmkpb;Baccalauréat<br/>P-Microtechniques<br/>en préparation;non examiné;1;9,44;non forcée;3;07/04/2014 à 22:26;0;15;0
413;149470;WUKPAOSYVV;Nawuwdqusybdu;Baccalauréat<br/>STI2D-Système informatique et numérique<br/>en préparation;non examiné;1;8,49;non forcée;3;07/04/2014 à 22:26;0;5;0
419;636697;RIMFGYHKIV;Pugakenokzayg;Baccalauréat<br/>S-SVT-Informatique et Sciences du numérique<br/>en préparation;non examiné;1;8,43;non forcée;3;07/04/2014 à 22:26;0;16;0
195;149402;CIHAVISVRG;Pnqcnvkdukxbe;Baccalauréat<br/>STI2D-Innovation Technologique et Eco conception<br/>en préparation;non examiné;1;10,26;non forcée;3;07/04/2014 à 22:26;0;5;0
471;284978;WLXXRLKWFT;Xiuinzzlbvann;Baccalauréat<br/>S-SVT-Mathématiques<br/>en préparation;non examiné;1;7,71;non forcée;3;07/04/2014 à 22:26;0;14;0
350;308642;VTJWMBWUOJ;Vipdfowiuemdd;Baccalauréat<br/>P-Systèmes électroniques numériques<br/>en préparation;non examiné;1;9,07;non forcée;3;07/04/2014 à 22:26;0;9;0
279;713613;FNJARDRGWM;Svfttfqihuzea;Baccalauréat<br/>S-SVT-Informatique et Sciences du numérique<br/>en préparation;non examiné;1;9,59;non forcée;3;07/04/2014 à 22:26;0;21;0
319;285228;DWDHNOEHUZ;Hileaepofwhvl;Baccalauréat<br/>S-SVT-Mathématiques<br/>en préparation;non examiné;1;9,21;non forcée;3;07/04/2014 à 22:26;0;17;0
408;285041;ODIZHIOZFG;Yvskjslgxyhtr;Baccalauréat<br/>STI2D-Système informatique et numérique<br/>en préparation;non examiné;1;8,53;non forcée;3;07/04/2014 à 22:26;0;0;0
24;772710;GVWFTQPIMJ;Elqaebdbixpsm;Baccalauréat<br/>STI2D-Système informatique et numérique<br/>en préparation;non examiné;1;12,93;non forcée;3;07/04/2014 à 22:26;0;0;0
213;632640;HUXGKMWAZQ;Asecgzqiitxkc;Baccalauréat<br/>STI2D-Innovation Technologique et Eco conception<br/>en préparation;non examiné;1;10,06;non forcée;3;07/04/2014 à 22:26;0;2;0
210;216394;RSMLMPKFJD;Jisgtvykedwbk;Baccalauréat<br/>S-SVT-Mathématiques<br/>en préparation;non examiné;1;10,07;non forcée;3;07/04/2014 à 22:26;0;14;0
442;502696;KLGDWWMCCK;Xkwwllypdjprq;Baccalauréat<br/>S-SVT-Mathématiques<br/>en préparation;non examiné;1;8,22;non forcée;3;07/04/2014 à 22:26;0;14;0
159;632757;ZBSRBWAETJ;Zuqgfnrawecpc;Baccalauréat<br/>S-SVT-Mathématiques<br/>en préparation;non examiné;1;10,66;non forcée;3;07/04/2014 à 22:26;0;14;0
64;547994;BUQTBYFGDK;Nxmcrqkokciqt;Baccalauréat<br/>STI2D-Système informatique et numérique<br/>en préparation;non examiné;1;11,83;non forcée;3;07/04/2014 à 22:26;0;1;0
487;781050;TYOXIVFPGN;Hvjxiprqpkcpi;Baccalauréat<br/>S-SI-Pas de spécialité (S.I)<br/>en préparation;non examiné;1;7,24;non forcée;3;07/04/2014 à 22:26;0;9;0
365;350602;MMBDRHRBUS;Oeeswucepxzcm;Baccalauréat<br/>S-SVT-Informatique et Sciences du numérique<br/>en préparation;non examiné;1;8,91;non forcée;3;07/04/2014 à 22:26;0;16;0
182;1035814;BLYQTTYCPQ;Lqudioochfaia;Baccalauréat<br/>ES-Langue renforcée<br/>obtenu;non examiné;1;10,44;non forcée;3;07/04/2014 à 22:26;0;74;0
52;576169;KFVTCNXLST;Rfkbklepkcjix;Baccalauréat<br/>STI2D-Système informatique et numérique<br/>en préparation;non examiné;1;12,05;non forcée;3;07/04/2014 à 22:26;0;3;0
33;299552;UHUTHPVBSR;Dirgvfmseighg;Baccalauréat<br/>STI2D-Energies et environnement<br/>en préparation;non examiné;1;12,56;non forcée;3;07/04/2014 à 22:26;0;0;0
115;384426;YGXMEHBYZB;Uzokkeljnwjju;Baccalauréat<br/>S-SVT-Mathématiques<br/>en préparation;non examiné;1;11,15;non forcée;3;07/04/2014 à 22:26;0;16;0
371;437247;UPSVFPEOEW;Xiakxfbdntxvb;Baccalauréat<br/>STI2D-Energies et environnement<br/>en préparation;non examiné;1;8,89;non forcée;3;07/04/2014 à 22:26;0;0;0
213;332251;DZGZVTKHOQ;Bzdrlfsshewxw;Baccalauréat<br/>STI2D-Système informatique et numérique<br/>en préparation;non examiné;1;10,06;non forcée;3;07/04/2014 à 22:26;0;2;0
344;1072094;OAHQBQDJMV;Hkbheipwlqcdf;Baccalauréat<br/>S-SVT-Informatique et Sciences du numérique<br/>obtenu;non examiné;1;9,1;non forcée;3;07/04/2014 à 22:26;0;26;0
33;422521;CTWUMDXCYT;Uzuwkszumqcvz;Baccalauréat<br/>P-Technicien menuisier agenceur<br/>en préparation;non examiné;1;12,56;non forcée;3;07/04/2014 à 22:26;0;9;0
289;214358;ZURMBOFKQY;Jtgozrqtnyfsr;Baccalauréat<br/>STMG-Systèmes d'information et de gestion<br/>en préparation;non examiné;1;9,48;non forcée;3;07/04/2014 à 22:26;0;2;0
400;626229;MBQCPVWXGQ;Varmhioxauqeo;Baccalauréat<br/>S-SVT-Informatique et Sciences du numérique<br/>en préparation;non examiné;1;8,65;non forcée;3;07/04/2014 à 22:26;0;16;0
476;214289;JCSJGZWEIU;Tqhgyxtayisud;Baccalauréat<br/>STMG-Systèmes d'information et de gestion<br/>en préparation;non examiné;1;7,5;non forcée;3;07/04/2014 à 22:26;0;5;0
415;721740;NJFOQMDBKD;Qaghdhjuihtxq;Baccalauréat<br/>S-SI-Mathématiques<br/>en préparation;non examiné;1;8,47;non forcée;3;07/04/2014 à 22:26;0;4;0
477;1167558;ZGOZYHCBNI;Wxoihgjkqkokm;Baccalauréat<br/>S-SI-Pas de spécialité (S.I)<br/>obtenu;non examiné;1;7,48;non forcée;3;07/04/2014 à 22:26;0;1;0
342;181388;NGJTLYXSOF;Rysnaxnaesnzt;Baccalauréat<br/>STMG-Mercatique<br/>en préparation;non examiné;1;9,11;non forcée;3;07/04/2014 à 22:26;0;0;0
181;576256;RVLMVIKYHS;Afmtbumfmeuht;Baccalauréat<br/>STI2D-Système informatique et numérique<br/>en préparation;non examiné;1;10,46;non forcée;3;07/04/2014 à 22:26;0;0;0
173;456786;DUATEWFKWZ;Upycyvwtkknwo;Baccalauréat<br/>ES-Sciences sociales et politiques<br/>en préparation;non examiné;1;10,53;non forcée;3;07/04/2014 à 22:26;0;0;0
81;387325;YDTWCBYJCJ;Lwuuxwaekhacz;Baccalauréat<br/>STI2D-Innovation Technologique et Eco conception<br/>en préparation;non examiné;1;11,54;non forcée;3;07/04/2014 à 22:26;0;6;0
278;1039048;OFDLKFGQYA;Xrowotzwkjtav;Baccalauréat<br/>S-SVT-Sciences de la vie et de la terre<br/>obtenu;non examiné;1;9,61;non forcée;3;07/04/2014 à 22:26;0;26;0
118;504583;WARYAGRUYA;Likurstqeaajh;Baccalauréat<br/>STI2D-Innovation Technologique et Eco conception<br/>en préparation;non examiné;1;11,13;non forcée;3;07/04/2014 à 22:26;0;1;0
275;163771;LVCYNNQUEM;Mcxlotordteua;Baccalauréat<br/>ES-Economie approfondie<br/>en préparation;non examiné;1;9,63;non forcée;3;07/04/2014 à 22:26;0;0;0
191;1159305;EYOPVZTLKA;Vomcnatmgcgun;Baccalauréat<br/>S-SVT-Physique-chimie<br/>obtenu;non examiné;1;10,32;non forcée;3;07/04/2014 à 22:26;0;28;0
495;618199;MTYCYLYHKB;Yblfoahticfdp;Baccalauréat<br/>S-SVT-Physique-chimie<br/>en préparation;non examiné;1;6,94;non forcée;3;07/04/2014 à 22:26;0;18;0
247;178738;KISHBYWZDF;Bguywwwehksyu;Baccalauréat<br/>P-Maintenance des équipements industriels<br/>en préparation;non examiné;1;9,82;non forcée;3;07/04/2014 à 22:26;0;1;0
291;377194;SCWFCEGZQJ;Qwdkifmnnoumj;Baccalauréat<br/>S-SVT-Mathématiques<br/>en préparation;non examiné;1;9,46;non forcée;3;07/04/2014 à 22:26;0;16;0
169;773610;ULUCBPNOWG;Fqbakoxmajmhy;Baccalauréat<br/>S-SVT-Informatique et Sciences du numérique<br/>en préparation;non examiné;1;10,58;non forcée;3;07/04/2014 à 22:26;0;16;0
2;1038466;DWJZKFQMTT;Nbnsxiqebsura;Baccalauréat<br/>STI-Génie civil<br/>obtenu;non examiné;1;15,41;non forcée;3;07/04/2014 à 22:26;0;0;0
329;678059;XLHELULKWQ;Dwqzwxxeakqxv;Baccalauréat<br/>S-SVT-Physique-chimie<br/>en préparation;non examiné;1;9,16;non forcée;3;07/04/2014 à 22:26;0;25;0
314;1162816;HHSKMFLRNB;Yczuksmejwrrt;Baccalauréat<br/>STI2D-Système informatique et numérique<br/>obtenu;non examiné;1;9,26;non forcée;3;07/04/2014 à 22:26;0;7;0
267;268244;QOUAIHKUYT;Lxmobsbonnskq;Baccalauréat<br/>S-SVT-Mathématiques<br/>en préparation;non examiné;1;9,7;non forcée;3;07/04/2014 à 22:26;0;12;0
394;805911;HWSQYAONUI;Mhpsxkxppcdsv;Baccalauréat<br/>S-SVT-Informatique et Sciences du numérique<br/>en préparation;non examiné;1;8,67;non forcée;3;07/04/2014 à 22:26;0;16;0
488;539164;UEYSNQFEIP;Kfzhpjwknnavv;Baccalauréat<br/>STI2D-Système informatique et numérique<br/>en préparation;non examiné;1;7,18;non forcée;3;07/04/2014 à 22:26;0;0;0
237;542092;JNDZDUJJBV;Guyxnwefzhlcb;Baccalauréat<br/>ES-Mathématiques<br/>en préparation;non examiné;1;9,89;non forcée;3;07/04/2014 à 22:26;0;0;0
233;643898;XEAXJDWTVR;Zvkpzupiunvvt;Baccalauréat<br/>S-SVT-Physique-chimie<br/>en préparation;non examiné;1;9,9;non forcée;3;07/04/2014 à 22:26;0;15;0
302;1202625;HIBIBMEPTX;Rmtvawtltcacx;Baccalauréat<br/>S-SI-Pas de spécialité (S.I)<br/>obtenu;non examiné;1;9,39;non forcée;3;07/04/2014 à 22:26;0;11;0
127;1202231;GMDOERVMLM;Gcasycxirlxfo;Baccalauréat<br/>S-SI-Informatique et Sciences du numérique<br/>obtenu;non examiné;1;11,02;non forcée;3;07/04/2014 à 22:26;0;2;0
382;643893;VXYKUMWPOY;Xotspsqrdyfkj;Baccalauréat<br/>STMG-Systèmes d'information et de gestion<br/>en préparation;non examiné;1;8,78;non forcée;3;07/04/2014 à 22:26;0;0;0
282;301965;CPKNDEMKAC;Rhlweshsyuykr;Baccalauréat<br/>STI2D-Innovation Technologique et Eco conception<br/>en préparation;non examiné;1;9,51;non forcée;3;07/04/2014 à 22:26;0;5;0
363;450911;GPOXDNLEPS;Jhmgmapwjpxdv;Baccalauréat<br/>STI2D-Energies et environnement<br/>en préparation;non examiné;1;8,94;non forcée;3;07/04/2014 à 22:26;0;4;0
73;1147251;ZOGVTNGJLX;Ywenirfyofiiv;Baccalauréat<br/>S-SVT-Physique-chimie<br/>obtenu;non examiné;1;11,64;non forcée;3;07/04/2014 à 22:26;0;24;0
27;301030;SLCTJNHJXC;Pjxozfashdueh;Baccalauréat<br/>STMG-Gestion et Finance<br/>en préparation;non examiné;1;12,78;non forcée;3;07/04/2014 à 22:26;0;0;0
484;565805;PNNNHMUCFQ;Mvjhamlveuvjt;Baccalauréat<br/>S-SVT-Informatique et Sciences du numérique<br/>en préparation;non examiné;1;7,27;non forcée;3;07/04/2014 à 22:26;0;15;0
56;821986;SKDRTNLPKK;Fnagihxmpqmdc;Baccalauréat<br/>STI2D-Système informatique et numérique<br/>en préparation;non examiné;1;11,92;non forcée;3;07/04/2014 à 22:26;0;1;0
222;576125;OJOQTEWHJE;Povefcihebvla;Baccalauréat<br/>S-SVT-Sciences de la vie et de la terre<br/>en préparation;non examiné;1;10,01;non forcée;3;07/04/2014 à 22:26;0;18;0
388;221619;ESMAHTRRNR;Eeizutfcqzhdr;Baccalauréat<br/>S-SVT-Mathématiques<br/>en préparation;non examiné;1;8,74;non forcée;3;07/04/2014 à 22:26;0;14;0
365;817218;PKHTVPTSXA;Mgtqkltzuodhe;Baccalauréat<br/>S-SVT-Mathématiques<br/>en préparation;non examiné;1;8,91;non forcée;3;07/04/2014 à 22:26;0;20;0
156;511760;THZLYPQQNU;Rkstiajremuoh;Baccalauréat<br/>STMG-Systèmes d'information et de gestion<br/>en préparation;non examiné;1;10,71;non forcée;3;07/04/2014 à 22:26;0;4;0
127;1084533;FABTCDLCQV;Daigfiunekfuh;Baccalauréat<br/>S-SI-Pas de spécialité (S.I)<br/>obtenu;non examiné;1;11,02;non forcée;3;07/04/2014 à 22:26;0;2;0
101;1002828;LLTBXLHFVC;Jbfamijzwhxtc;Baccalauréat<br/>S-SVT-Mathématiques<br/>obtenu;non examiné;1;11,24;non forcée;3;07/04/2014 à 22:26;0;21;0
240;503428;XAHDZCFFSQ;Hsjtupdyiszdd;Baccalauréat<br/>STI2D-Architecture et construction<br/>en préparation;non examiné;1;9,86;non forcée;3;07/04/2014 à 22:26;0;0;0
157;778169;QUFRRPHCXB;Iovbldnxvgusw;Baccalauréat<br/>S-SI-Pas de spécialité (S.I)<br/>en préparation;non examiné;1;10,68;non forcée;3;07/04/2014 à 22:26;0;2;0
29;241410;KIVYYFJLEU;Fxbnjfpexzehx;Baccalauréat<br/>ES-Mathématiques<br/>en préparation;non examiné;1;12,74;non forcée;3;07/04/2014 à 22:26;0;5;0
21;1071111;PZRTZBEWOT;Gxnqzzvahxooq;Baccalauréat<br/>S-SI-Pas de spécialité (S.I)<br/>obtenu;non examiné;1;13,18;non forcée;3;07/04/2014 à 22:26;0;3;0
406;594061;KYETJGTBEO;Trdwfcqmqcsch;Baccalauréat<br/>S-SVT-Physique-chimie<br/>en préparation;non examiné;1;8,61;non forcée;3;07/04/2014 à 22:26;0;24;0
238;576367;FYLMCSHOGF;Jszhuzygilovc;Baccalauréat<br/>STI2D-Système informatique et numérique<br/>en préparation;non examiné;1;9,87;non forcée;3;07/04/2014 à 22:26;0;0;0
62;263397;HOQYRSNSFD;Jhwyjlwswthnl;Baccalauréat<br/>S-SI-Informatique et Sciences du numérique<br/>en préparation;non examiné;1;11,84;non forcée;3;07/04/2014 à 22:26;0;2;0
492;147340;SATTBGLXLE;Ooxfypwdvuqwi;Baccalauréat<br/>S-SVT-Informatique et Sciences du numérique<br/>en préparation;non examiné;1;7,12;non forcée;3;07/04/2014 à 22:26;0;17;0
403;690399;ATQEHCTQXH;Buhcrmkbyyhpe;Baccalauréat<br/>S-SVT-Mathématiques<br/>en préparation;non examiné;1;8,63;non forcée;3;07/04/2014 à 22:26;0;18;0
;1110385;ZOFFEGIWIL;Fskplcgywgzuj;DAEU<br/>-DAEU-Aen préparation;non examiné;1;;non forcée;0;07/04/2014 à 22:26;0;3;0
428;651432;BRIOOMVIOA;Acuzvcsjaosak;Baccalauréat<br/>S-SVT-Informatique et Sciences du numérique<br/>en préparation;non examiné;1;8,38;non forcée;3;07/04/2014 à 22:26;0;16;0
526;1155302;DUFFGLWYWF;Yaebnbjxqcrwk;DAEU<br/>-DAEU-Bobtenu;non examiné;1;4,92;non forcée;3;07/04/2014 à 22:26;0;21;0
222;300985;TZVZISEASF;Htjexfbeueigq;Baccalauréat<br/>S-SI-Informatique et Sciences du numérique<br/>en préparation;non examiné;1;10,01;non forcée;3;07/04/2014 à 22:26;0;4;0
216;524408;YOAYLTRIWX;Vchexplpetjqa;Baccalauréat<br/>S-SVT-Physique-chimie<br/>en préparation;non examiné;1;10,05;non forcée;3;07/04/2014 à 22:26;0;16;0
320;576383;ZEOHKHUQUI;Pnzjkprsxwbjl;Baccalauréat<br/>STI2D-Innovation Technologique et Eco conception<br/>en préparation;non examiné;1;9,2;non forcée;3;07/04/2014 à 22:26;0;1;0
134;503172;JIVWOFHRCG;Zsopwbfkkhxwp;Baccalauréat<br/>S-SI-Mathématiques<br/>en préparation;non examiné;1;10,98;non forcée;3;07/04/2014 à 22:26;0;0;0
262;780979;ESZDNTWVMI;Egvaghoppmchr;Baccalauréat<br/>S-SVT-Informatique et Sciences du numérique<br/>en préparation;non examiné;1;9,74;non forcée;3;07/04/2014 à 22:26;0;18;0
228;267403;NDONMRWEUA;Pfkatcswzqcpe;Baccalauréat<br/>S-SVT-Mathématiques<br/>en préparation;non examiné;1;9,94;non forcée;3;07/04/2014 à 22:26;0;8;0
169;411566;LZTHEZFVLZ;Agzxjapljubiu;Baccalauréat<br/>STI2D-Système informatique et numérique<br/>en préparation;non examiné;1;10,58;non forcée;3;07/04/2014 à 22:26;0;7;0
378;308705;HDCBBGKISI;Sltzswxbhddwd;Baccalauréat<br/>P-Systèmes électroniques numériques<br/>en préparation;non examiné;1;8,81;non forcée;3;07/04/2014 à 22:26;0;2;0
454;524266;TBBBNIGPEO;Wlkuzpshdumhx;Baccalauréat<br/>S-SVT-Physique-chimie<br/>en préparation;non examiné;1;8,02;non forcée;3;07/04/2014 à 22:26;0;16;0
485;192422;CXSEQOHSOK;Enjxgztzjrxjk;Baccalauréat<br/>S-SVT-Sciences de la vie et de la terre<br/>en préparation;non examiné;1;7,26;non forcée;3;07/04/2014 à 22:26;0;20;0
281;1070059;UAUVLGIHJG;Adxlyapemrlzb;Baccalauréat<br/>S-SVT-Sciences de la vie et de la terre<br/>obtenu;non examiné;1;9,54;non forcée;3;07/04/2014 à 22:26;0;28;0
375;677990;MSKHEGHFQZ;Gojcloncrfdpn;Baccalauréat<br/>S-SVT-Sciences de la vie et de la terre<br/>en préparation;non examiné;1;8,83;non forcée;3;07/04/2014 à 22:26;0;20;0
72;451083;QMVQCCSHEU;Btookfkqnkcut;Baccalauréat<br/>S-SVT-Sciences de la vie et de la terre<br/>en préparation;non examiné;1;11,66;non forcée;3;07/04/2014 à 22:26;0;16;0
190;268346;LMERYHXWXZ;Ksoisfuifcbva;Baccalauréat<br/>STMG-Systèmes d'information et de gestion<br/>en préparation;non examiné;1;10,33;non forcée;3;07/04/2014 à 22:26;0;2;0
100;524405;MEJKDYXITO;Jfuavhahiopjl;Baccalauréat<br/>S-SVT-Mathématiques<br/>en préparation;non examiné;1;11,26;non forcée;3;07/04/2014 à 22:26;0;14;0
222;639696;QNPJYDGRIK;Miofkxnmptrha;Baccalauréat<br/>S-SVT-Informatique et Sciences du numérique<br/>en préparation;non examiné;1;10,01;non forcée;3;07/04/2014 à 22:26;0;16;0
524;214237;UVJFMDFNFI;Qljmdmmshzfcy;Baccalauréat<br/>S-SVT-Physique-chimie<br/>en préparation;non examiné;1;5,29;non forcée;3;07/04/2014 à 22:26;0;18;0
339;629988;YVYIAPNCKR;Yyxvusvtnhurt;Baccalauréat<br/>S-SVT-Informatique et Sciences du numérique<br/>en préparation;non examiné;1;9,12;non forcée;3;07/04/2014 à 22:26;0;17;0
243;510259;FOTGGPCMNO;Atcuzzjmsfqwb;Baccalauréat<br/>S-SVT-Informatique et Sciences du numérique<br/>en préparation;non examiné;1;9,85;non forcée;3;07/04/2014 à 22:26;0;18;0
316;604518;MILZPVRKHJ;Tqhewchxxukgg;Baccalauréat<br/>S-SI-Informatique et Sciences du numérique<br/>en préparation;non examiné;1;9,23;non forcée;3;07/04/2014 à 22:26;0;2;0
452;438190;UIBSSBINAW;Domtendaliwpj;Baccalauréat<br/>S-SVT-Informatique et Sciences du numérique<br/>en préparation;non examiné;1;8,03;non forcée;3;07/04/2014 à 22:26;0;18;0
82;1064549;VYPKGGKNJZ;Fwmkijyrimxhu;Baccalauréat<br/>ES-Mathématiques<br/>obtenu;non examiné;1;11,52;non forcée;3;07/04/2014 à 22:26;0;1;0
501;222297;GKNKHXQUXE;Nqwrzqjpegqtr;Baccalauréat<br/>STMG-Ressources Humaines et Communication<br/>en préparation;non examiné;1;6,78;non forcée;3;07/04/2014 à 22:26;0;1;0
447;451015;ELOJYXHHXX;Ivtmoqbvyvqmw;Baccalauréat<br/>S-SVT-Sciences de la vie et de la terre<br/>en préparation;non examiné;1;8,1;non forcée;3;07/04/2014 à 22:26;0;17;0
246;649852;CXZUMOXFMT;Ipecjhpobmfyq;Baccalauréat<br/>ES-Mathématiques<br/>en préparation;non examiné;1;9,83;non forcée;3;07/04/2014 à 22:26;0;0;0
251;1101822;WRWRILTVPK;Dlxmausghuxao;Baccalauréat<br/>S-SI-Mathématiques<br/>obtenu;non examiné;1;9,8;non forcée;3;07/04/2014 à 22:26;0;1;0
262;1091421;UEXTXFWONL;Skrfyjbxotjfn;Baccalauréat<br/>S-SVT-Physique-chimie<br/>obtenu;non examiné;1;9,74;non forcée;3;07/04/2014 à 22:26;0;21;0
414;163758;UYQVLLPLJC;Oopopdwevmksf;Baccalauréat<br/>S-SVT-Informatique et Sciences du numérique<br/>en préparation;non examiné;1;8,48;non forcée;3;07/04/2014 à 22:26;0;17;0
94;393617;JURRCSXWIE;Saakpatixvtzu;Baccalauréat<br/>STMG-Systèmes d'information et de gestion<br/>en préparation;non examiné;1;11,31;non forcée;3;07/04/2014 à 22:26;0;0;0
403;1204006;CQVSTLYWBM;Dgndwlheklrtl;Baccalauréat<br/>ES-Sciences économiques et sociales<br/>obtenu;non examiné;1;8,63;non forcée;3;07/04/2014 à 22:26;0;17;0
503;460182;JBWBWKALXO;Hxarotybphmhf;Baccalauréat<br/>S-SVT-Sciences de la vie et de la terre<br/>en préparation;non examiné;1;6,74;non forcée;3;07/04/2014 à 22:26;0;16;0
7;609913;VJYYNHHJTE;Oopcqcgqxbvvz;Baccalauréat<br/>S-SVT-Informatique et Sciences du numérique<br/>en préparation;non examiné;1;13,82;non forcée;3;07/04/2014 à 22:26;0;14;0
376;685637;OFDQCRSKRQ;Tzjxsefzovffj;Baccalauréat<br/>S-SI-Pas de spécialité (S.I)<br/>en préparation;non examiné;1;8,82;non forcée;3;07/04/2014 à 22:26;0;2;0
146;1038061;HBRZTDFEIQ;Vaqilfvpphebm;Baccalauréat<br/>S-SVT-Physique-chimie<br/>obtenu;non examiné;1;10,83;non forcée;3;07/04/2014 à 22:26;0;21;0
423;524331;XKAHQLUKLC;Umnspaeyotfek;Baccalauréat<br/>S-SVT-Physique-chimie<br/>en préparation;non examiné;1;8,41;non forcée;3;07/04/2014 à 22:26;0;18;0
159;548086;ZIOAWCTKAO;Ijmuptrisjnbz;Baccalauréat<br/>STMG-Gestion et Finance<br/>en préparation;non examiné;1;10,66;non forcée;3;07/04/2014 à 22:26;0;0;0
443;176373;JDLBUDMNZW;Kmfvgloduukdl;Baccalauréat<br/>STI2D-Système informatique et numérique<br/>en préparation;non examiné;1;8,21;non forcée;3;07/04/2014 à 22:26;0;0;0
137;214346;GAAQUZHUTM;Ypfmnmgflgxyh;Baccalauréat<br/>STMG-Systèmes d'information et de gestion<br/>en préparation;non examiné;1;10,95;non forcée;3;07/04/2014 à 22:26;0;1;0
204;643936;FMMEIRTTKV;Ytaaqnntetvix;Baccalauréat<br/>STMG-Ressources Humaines et Communication<br/>en préparation;non examiné;1;10,14;non forcée;3;07/04/2014 à 22:26;0;1;0
396;688704;SGBWVRHHVL;Qzxgoqnrwxmed;Baccalauréat<br/>S-SI-Informatique et Sciences du numérique<br/>en préparation;non examiné;1;8,66;non forcée;3;07/04/2014 à 22:26;0;5;0
482;821896;HFFXTEVYNP;Yeqpgugqdkdpd;Baccalauréat<br/>STI2D-Système informatique et numérique<br/>en préparation;non examiné;1;7,34;non forcée;3;07/04/2014 à 22:26;0;6;0
219;769380;LMWKKFQSXD;Ekybomubzomik;Baccalauréat<br/>ES-Mathématiques<br/>en préparation;non examiné;1;10,03;non forcée;3;07/04/2014 à 22:26;0;0;0
67;297973;WQNQMLYDEY;Pnwudnlrinsae;Baccalauréat<br/>STI2D-Energies et environnement<br/>en préparation;non examiné;1;11,82;non forcée;3;07/04/2014 à 22:26;0;2;0
394;526906;HRZJKARYZS;Nwpcaitaysfcf;Baccalauréat<br/>ES-Mathématiques<br/>en préparation;non examiné;1;8,67;non forcée;3;07/04/2014 à 22:26;0;20;0
;1080057;KTGUMDXYPE;Jcksxpcnqaifu;DAEU<br/>-DAEU-Aen préparation;non examiné;1;;non forcée;0;07/04/2014 à 22:26;0;3;0
507;268391;IKBBIXXDGT;Uzvncnbltqqqc;Baccalauréat<br/>S-SVT-Physique-chimie<br/>en préparation;non examiné;1;6,64;non forcée;3;07/04/2014 à 22:26;0;16;0
